train_rmse,valid_rmse
0.3375828517845704,0.33706090737186356
0.33145405646717235,0.33097843398449134
0.3242999482998916,0.3238393929607081
0.31831440695783136,0.31790871357307326
0.31156635422366064,0.31115476998254465
0.3051662657472561,0.304765458339757
0.2987255673918048,0.2983524692835625
0.2933468538692885,0.2930228773177481
0.287179566034455,0.28687754912906843
0.282134771981127,0.281890197293387
0.2772158148866856,0.2770351797314789
0.27160398598270363,0.2714138045998434
0.2661599647733307,0.26600380798435824
0.26058594175954036,0.26044309042883473
0.25548163914465916,0.25533154369818867
0.25031937263459053,0.25019888452020206
0.24531465268163574,0.24522828382262246
0.24121015923149478,0.24117451818844324
0.23659466426200654,0.23659630193402265
0.23221282582291258,0.23224181223456325
0.22767972278064483,0.22773747279730966
0.2233006488569391,0.22339134913381017
0.21897690809789322,0.21909238456247193
0.21478550314958417,0.21493043642045773
0.21059478316392455,0.21076309099956722
0.20686782322657082,0.20705762823865367
0.20292124433918865,0.20313392642857808
0.19903331898232815,0.1992647701338802
0.19524871397940102,0.19550330775587674
0.19212888373817888,0.192420631215562
0.18863448659709037,0.18894073287359822
0.1853045725127818,0.18562707193804942
0.18214014749191468,0.18249152536952137
0.17898969415156493,0.1793600886173097
0.1758143412311105,0.17621258621556338
0.17281745779205573,0.17322888157880906
0.1698271876579433,0.17025860968000864
0.16696467021168915,0.16742140141708847
0.1641866893171726,0.16465882682612965
0.16177542144319235,0.16227173511249354
0.159616019282897,0.16014564583240654
0.15689541834679485,0.15744082854625158
0.15431952923927159,0.15488110782597447
0.1517707942314701,0.15235601822332834
0.14965757155521522,0.15027516239222494
0.14771451808902097,0.14836530648687815
0.14572547008094844,0.14639853190358254
0.1434885080959778,0.14419189199556667
0.14123560064255086,0.14196076728231577
0.13906510070676362,0.13980426194165366
0.1369107048144369,0.13767525314663936
0.13531122760181427,0.1361030371711084
0.13330006088667715,0.13411524007056153
0.13163188905954887,0.13247620460311216
0.13010588397059733,0.13097742622024977
0.1282812279953247,0.12918173113271533
0.12653872543521807,0.12745289222297954
0.12469106235900233,0.12562984026642665
0.12288540703525844,0.12383544411970217
0.12115641168575154,0.12213613480638147
0.11952684680271583,0.12054494990136672
0.1178809194347692,0.11891557633679675
0.11629534247462765,0.1173457513579196
0.11470354895266165,0.11578695148635151
0.11319597303200354,0.11431302254382113
0.11185971406879155,0.1129973535175046
0.11072968713370833,0.11189730984755433
0.10968074010498746,0.11087232326492838
0.10830966664586979,0.10952957530445287
0.10696551095239008,0.1082147776206055
0.10592215904519299,0.10720389824784644
0.10465834915109225,0.10596625806605946
0.10358249015491601,0.10490642436026863
0.1023822365707034,0.10373369025500631
0.1012973599677027,0.10266002382227608
0.10016912055680893,0.10155232771654299
0.09907371413662107,0.10048941774623772
0.09806226927995593,0.09950084148029667
0.09698586965307096,0.09844167401629539
0.0959609729174466,0.09743660373729997
0.0952057471472084,0.09670223391693968
0.0944587637208824,0.09597990059774852
0.09350552906807114,0.09505093636457856
0.09260655184758701,0.09417894774542628
0.09177741076063813,0.09337510912198022
0.09087357366044735,0.09248895998364162
0.09014234866941508,0.09176855681676996
0.08932595961436629,0.09097766915904247
0.08847605579231498,0.09015100314540599
0.08774549255722311,0.08943826205055531
0.08696789789172585,0.08867782914800586
0.08623559190822574,0.08796498147290471
0.0855299044515475,0.08728056330046151
0.08480473844084134,0.08657036304154514
0.08413277416755549,0.0859227182162702
0.08342510191583674,0.08523884768652057
0.08282794540914849,0.08466391847632466
0.08221240825438092,0.08406245280096335
0.08165560421157611,0.08352737956109663
0.08102343441025305,0.08290833054824694
0.08043376993778127,0.08233400605131413
0.07986733071422433,0.0817842702584087
0.07939322866705735,0.08133049856430523
0.07886439420897964,0.0808244767610696
0.07830313547481392,0.08028342152847384
0.07777102461875854,0.07977033581707456
0.07728403695901852,0.07930394028658053
0.0768130773716148,0.07886081716449063
0.07629405255239392,0.0783631065224432
0.0757914582919897,0.0778812666232763
0.0753200451996449,0.07742531096974778
0.07484523147129793,0.07697148837339776
0.07443110067227465,0.07657619615181623
0.07396727815124944,0.0761271570939952
0.07355199011598061,0.07573025421753084
0.07317231632377841,0.07537214059308577
0.07280094616728405,0.07501547283501009
0.07242876063310925,0.07465699402044206
0.07200468296550892,0.07425240747430548
0.07160594477297236,0.0738658181357445
0.07123047980711575,0.07351263913130823
0.07086169488873688,0.0731647813376333
0.07051734768389871,0.0728425401800321
0.07018686809573366,0.07252481425031052
0.06983987421714025,0.07219310025548281
0.0695208863719284,0.07188957000175322
0.069199971142535,0.0715918864314196
0.06885122168634346,0.07125096813717083
0.0685384806479679,0.07094939398404149
0.06824656992697505,0.07067717694669216
0.06794539840618943,0.07039549518500822
0.06767358079345925,0.07013782091990642
0.0674031118998057,0.06988686479196744
0.06714080113302212,0.06964016064952239
0.06686102003976217,0.06937443322685988
0.0665513930450452,0.06908000016745837
0.06627985814625185,0.06882094797618139
0.06599162972856044,0.0685503650540686
0.06570247813239528,0.06827691389553363
0.06544114908049653,0.068031060142522
0.06522228851592236,0.06782981630535544
0.06499371286442183,0.06761820817193587
0.06477213254667678,0.06740980994764946
0.06452256938749394,0.06717149868044546
0.06431170128680802,0.06696846262854887
0.06406943788305344,0.06673583347812503
0.0638876056505967,0.0665722608324312
0.06366761841208676,0.06637130755738108
0.06344332439211343,0.06615718340086624
0.06322841760911589,0.0659563386021693
0.06305507328164257,0.0657948590346617
0.06284683727896657,0.06560177056324955
0.06263552037487395,0.06540139819807929
0.06244457304554966,0.06522589714704616
0.0622832071075508,0.06507940900084318
0.06211572573035988,0.06492397983107498
0.06189740499515842,0.06471840798022596
0.06175352130742033,0.06458770161180216
0.06159865528863242,0.06444765327394938
0.061437054854413,0.06430358952981702
0.06125072474858852,0.06412567809080716
0.06109497540049898,0.06398927597427824
0.06092413012369369,0.06382648696286367
0.06079388251538052,0.06370603221772607
0.06063264082825093,0.06356174789556329
0.06047013835136609,0.06341651755471604
0.06029564595915537,0.06324858784546901
0.06016777438431968,0.06312771830482525
0.06004214528187649,0.06301882702098943
0.05991351909391723,0.06290431531327044
0.05978462682809978,0.06278844395562154
0.05965404602971912,0.06267092169000756
0.05953106360289606,0.06255970300512863
0.05940805897601641,0.0624547229092145
0.05929347222862513,0.06235373926793866
0.05914012523241487,0.0622071850563552
0.05902771736623322,0.06210860847297801
0.05890460534605593,0.06199352572545536
0.05876282360930317,0.06186173803629157
0.05859605276056806,0.06170408477942457
0.05845973935076185,0.06158070646132954
0.05833393001517186,0.06146599102438085
0.05822837162646293,0.06137789321527341
0.05813923525588616,0.06129671065309873
0.05802727118036963,0.06119283772759927
0.05792497274564695,0.06110807499422705
0.05778140668562782,0.06097044707803784
0.05768062738947152,0.06088164929111717
0.05757128134313864,0.06078862404387415
0.05746286067873616,0.06068808601225727
0.05736767162831892,0.06060912536058112
0.05725338622913625,0.06050435117848858
0.05715078935077668,0.0604175454981389
0.05706100382868837,0.06034124570260051
0.0569496956673173,0.0602406355166945
0.05686064037808197,0.06016907346447182
0.05674664781097382,0.06007109842291005
0.05663202618928188,0.05997034998067657
0.05653128143433729,0.059886426834863
0.05642905868922803,0.05980134550736551
0.05633749403387937,0.05971797794594923
0.05622439780314988,0.05961524638161028
0.05612595744136852,0.05953138206438722
0.0560130119409299,0.05942736381419071
0.05593238221841685,0.05936009364276695
0.05583128097891123,0.05927371144992617
0.05570834589285221,0.05916238637139921
0.05565077934387696,0.05911430308988918
0.05557280676185354,0.05905194826175003
0.05550003570509415,0.05899120969123088
0.05541791055538522,0.05892147496250703
0.05531547503794042,0.05883224334266709
0.05525734722495194,0.05878319897805159
0.05516966363654571,0.05870469071926315
0.05509852834518222,0.05864882169999642
0.05502157555772604,0.05858270688147348
0.05488979334200999,0.05846062710344905
0.05483341859547929,0.05841698017337831
0.05475946157881546,0.0583499944831482
0.05467748144615627,0.05828214668399459
0.05460073414955779,0.05821942774318317
0.05451366590643333,0.05813790108225318
0.05445560411918975,0.05809450163267344
0.0543772676612998,0.05803201252416228
0.05427566921031187,0.05793788241728506
0.05422182348547726,0.05789621473781756
0.05415739432131086,0.05784339724527581
0.05409570473303434,0.05779457531563662
0.05403745817920565,0.0577460026747612
0.05398578931702808,0.0577016472663899
0.05388396084084287,0.05760735521352298
0.05378465149591382,0.05751332261589782
0.05373219693543355,0.05746800763214899
0.05364487058042836,0.05738861330966224
0.05357562238958317,0.05733324944298052
0.05349023412234319,0.05725481278572366
0.053419492859754,0.05719454944434242
0.05336943292747245,0.05715620812222984
0.05326951798980298,0.05706810908388249
0.05320626107702285,0.05701475518811377
0.05313601377617826,0.0569564244553473
0.05307420199540213,0.05690965694702035
0.05299127216206027,0.05683405408045122
0.0529415205739166,0.05679695213512474
0.05288929954857072,0.05675628995622824
0.05282110951529148,0.0566935376777914
0.05275614448309834,0.05664218496505874
0.05271921082434652,0.0566115830504926
0.05265668633751242,0.05655662445092563
0.05258229159318443,0.05648747790119032
0.05252188453979033,0.05644226701257864
0.05248569159555097,0.05641930734506313
0.05245139689739166,0.05639246556093134
0.05238449873901293,0.05633334379603686
0.05232636022521796,0.05628127885435958
0.05226347215680174,0.05622429914274053
0.05220668358287638,0.05617959217928579
0.05215536364483313,0.05613505968260475
0.05211944113078301,0.05611045627731474
0.05207298271078696,0.05607608710678461
0.05202392471433895,0.05603142335748288
0.05196003027156906,0.05597245337448316
0.05190158562969584,0.05592410087877414
0.05182049404041323,0.05585065724157572
0.0517689282010887,0.05581219876070957
0.05171695941725383,0.05576386264119609
0.05168485588282465,0.05574295163131422
0.0516182328589258,0.05568272682510914
0.05155816611433778,0.05562964469177781
0.05151704521650087,0.05559768072616908
0.05146002202371886,0.05555113085090439
0.0514212432988448,0.05552447572301474
0.05138324005993215,0.05549080293572742
0.05134164263870292,0.05546180186592855
0.05125705709869784,0.05538551616581665
0.05122896652171036,0.05536584158267812
0.05119313398314522,0.05534300073142363
0.05115282657285911,0.05531308324633515
0.05109491716506935,0.05526152868893427
0.05104438482608019,0.05521745353984751
0.05100355027854159,0.05518972061624366
0.0509578197641417,0.05515292154120677
0.0509182161846761,0.05511995934151519
0.05085157434861359,0.05506312851546727
0.05082761237897369,0.05504722354036646
0.05078188523228556,0.05501010023714648
0.05076083357314051,0.05499648156492092
0.05068532531076914,0.05492907297638757
0.05065497616311539,0.05490501532772315
0.05061093923297151,0.05487082746822926
0.05056060615927802,0.05482326796694403
0.05050829689141236,0.05477666260396323
0.05046267343424315,0.0547455917387525
0.05044382969387743,0.05473535095828832
0.05040483677708561,0.0547025189664587
0.05035869450967229,0.05466484238331085
0.05032083336724743,0.05464340697832509
0.05027889141715438,0.05460600196199532
0.05023645522584495,0.05456766695997162
0.05019527520934901,0.05453831968904256
0.05011154679007652,0.05445964298242913
0.05008243476192736,0.05443869598143759
0.05003230561694827,0.0543968907102676
0.05000054061847636,0.05437641675882063
0.04995241004501198,0.05433634768397563
0.04990343691523206,0.05429576451976665
0.04984009115502824,0.05424191145611325
0.04980684525173183,0.05421680867952413
0.04977982161133415,0.0542011156418391
0.04974389932758511,0.05417280311896595
0.04972069986996355,0.05415818035815639
0.04969210094282225,0.05413196545899398
0.0496561683843394,0.05410640591049534
0.04963402472914555,0.05409124825346782
0.04959772485903206,0.05406657831894274
0.04955047702292138,0.05402735307395552
0.04949651191488136,0.05398142585891991
0.04947451250473184,0.05396429298948474
0.04944323683978158,0.05394571935687512
0.04939584514325805,0.05390417547085446
0.04936107093664396,0.05387280328481048
0.0493249046791986,0.05384442504562168
0.04929156095074286,0.05382098348918182
0.04924754823906565,0.05378248383456762
0.04923128042232655,0.05377311284892029
0.04920122085514493,0.05374902894984596
0.04915687563962456,0.05370825394883454
0.04912480325700798,0.05367999386260047
0.04909469010556564,0.05365702424826174
0.04907988067512032,0.05364788327518222
0.04904846780007888,0.05362785096491048
0.04901442552668372,0.05360493973630708
0.04899298824444156,0.05358731674170196
0.04896958355659478,0.05356710662716519
0.04894291063775003,0.05354839829410021
0.04890768753553234,0.05351731329892822
0.04887756981866694,0.05349925925722493
0.04885982265753139,0.05348610160820352
0.04880085737611644,0.05343346421210435
0.04874258886585533,0.05338219303724961
0.04871324892819899,0.05335692156047122
0.04868422577667567,0.05334159233621503
0.04863166564474846,0.05329645458180525
0.04859192597667123,0.05326369509671468
0.04854985130582134,0.0532250216883108
0.04851889240778891,0.05320087200866347
0.04849363995767396,0.05318095764276767
0.04845481028280207,0.05314994581909558
0.0484200966371979,0.05312504861043645
0.04839996893963464,0.05311057902848214
0.04835166602626877,0.05306686331029126
0.04833432568994615,0.053058424043712
0.04828815209354301,0.05302050626226025
0.04826350714766017,0.05300421666430839
0.04824115739817507,0.05298462776839118
0.04821110342093619,0.05295680130691
0.04818688019537486,0.0529355561728526
0.0481535580423418,0.05291516684347326
0.04812395305596062,0.05289061497133673
0.04809096353174663,0.05286133178508937
0.04807081167413155,0.05284382525228101
0.04804012847207453,0.05281541743691382
0.04802621291928017,0.05280686995077069
0.0479732474296385,0.05275627011330913
0.04795536772999491,0.05274566803424282
0.04791487499198521,0.05271128624417983
0.04789148148304883,0.05269503271532125
0.04787222008946787,0.05268037393790432
0.04784606855816789,0.05266184701003178
0.04782555252137018,0.05264946763127451
0.04779261979978001,0.0526232972242256
0.04775973682671802,0.05260049322619018
0.04774577666993952,0.05259133891108186
0.04772472838266237,0.05257603544894051
0.04768682572177647,0.0525431755763237
0.04765962799247549,0.05252230275052833
0.04764358275630043,0.05251108572186589
0.04760734900441072,0.05248144019805966
0.04759120690346149,0.05247417311556977
0.04756681057579887,0.05245583993828877
0.04752089508560115,0.05241581449430505
0.04749271025103811,0.05239652712896825
0.04747327029404467,0.05238551071206259
0.04745433193735218,0.05237628766055662
0.04743625599117451,0.05236363383512203
0.04741789430803116,0.05235156347159929
0.04739111560518987,0.05232640824553757
0.04737195823348526,0.05231381389319466
0.04734077242339326,0.05229167684490072
0.04731790438918792,0.05227399006436625
0.04729828488373816,0.05225919782373627
0.0472600617825441,0.05222604080980773
0.04725015286006432,0.05221839797460319
0.04721493565063041,0.05218717716938946
0.04719435113439869,0.05217881197782176
0.047168563247068,0.05216137040301312
0.04714470334016883,0.05214816583705663
0.04711472207789501,0.0521242796221984
0.04706706844335485,0.05208428799209699
0.0470424157340602,0.05206746479451264
0.04701716995780994,0.05205078646987198
0.04700007270923946,0.052042509225415
0.04697972667351431,0.05202868932917257
0.04693463964891396,0.05199125388770553
0.0469068020522345,0.05196856549590689
0.04689492053373462,0.05196009677902363
0.04685738384418369,0.05192827593460927
0.04683863230097476,0.05191612600288965
0.04681739686610387,0.05190297691495881
0.04679585697573489,0.05188451939273449
0.04677195637728547,0.0518661599286542
0.04674340498130713,0.05184320864014438
0.04671682858422376,0.05182515802694952
0.04669714704249379,0.05181068892443313
0.04665237402027281,0.05176855538925267
0.04661634747391458,0.05173742866764124
0.04659909817091432,0.05172439259867318
0.04656077026146786,0.05168707727104723
0.04653942286846128,0.05166887074142294
0.04652137807277205,0.05165615986359214
0.04650116853667424,0.05164114405021203
0.04648119394067056,0.05162809468145504
0.046471462622842,0.05161946741956842
0.04645157300934987,0.05160885332964413
0.04642426388746815,0.05158721391992032
0.0464046726658968,0.0515749203991193
0.04638404283932133,0.05155882167250382
0.04636608651150254,0.05154289818647018
0.0463545732647024,0.05153724180558517
0.04634508357966149,0.05152978913659145
0.04632308099922401,0.05151195159241721
0.04629508964982541,0.05148976340000892
0.04627789515489344,0.05148100957519691
0.04625176588183457,0.05146412017180164
0.04623811716404537,0.05145291802824845
0.04620571294411409,0.05142690733624951
0.04618015404935724,0.05140740445871098
0.04615694135950976,0.05139281625541961
0.04614730336001071,0.05138704311807336
0.04613364434240676,0.05138305043333897
0.0461136820098814,0.05136947380565713
0.04609156129578719,0.05135370506418755
0.04607545276109066,0.05134179657724688
0.04605824748536987,0.05133117445741164
0.04603986961042589,0.0513250620156869
0.04601975086339633,0.05131603294091985
0.04600244827227976,0.05131018212810618
0.04598060912198055,0.05130168838596936
0.04596276838288123,0.05129193568737542
0.04594851263627428,0.0512835586823524
0.04593945199918111,0.05127729371646961
0.04592554765015749,0.05126973427460996
0.04591836812386904,0.05126499485758625
0.04590589086427689,0.05125677005845561
0.0458896232338947,0.05124860725938396
0.04587886321850313,0.0512388484671765
0.04586981237791461,0.05123453516986213
0.04585256767054249,0.05122319365242059
0.0458296776835399,0.05121058736153822
0.04580688961862808,0.05119738582246742
0.04579627482348549,0.05119382736691403
0.04577000492788922,0.05116847399719866
0.0457600166972836,0.051161804014716
0.04574054620113274,0.05114649839249402
0.04572299238821455,0.05113395953202448
0.04570887449797745,0.05112378801148165
0.04569645613489715,0.05111437462362504
0.0456794583239526,0.05110238362255524
0.04566745407904525,0.0510944347049069
0.04564437659046221,0.05108112276573434
0.04562302572029135,0.05106920573275398
0.0456129185661994,0.05106322976301291
0.04559782950336421,0.05105224978553443
0.04558184687892841,0.05103875054683875
0.04557071305144052,0.05103260129483774
0.04555706402511459,0.05102584527162472
0.0455447290306354,0.05101859775712441
0.04553667190936525,0.0510146100270199
0.04551640130974565,0.05099907206244852
0.04550767862021109,0.05099365987319829
0.04548968321968114,0.05097833448230318
0.04547297479327252,0.05096622869948905
0.04545219305228383,0.05095353238507926
0.04541657303222914,0.05092264924565805
0.04540037476913939,0.05091092401132555
0.04537972707727766,0.05089995473847461
0.04536154166797161,0.05088693500158691
0.04534892949069132,0.05087828839977699
0.04533482545151826,0.05086920505192707
0.04532160618306742,0.05086088595453187
0.04530270383950383,0.0508466936159678
0.04529246404066681,0.05083993550741305
0.0452734645135193,0.05082591979618602
0.04525981611010535,0.05081724560057149
0.0452464813422462,0.05080718050372886
0.04523730916248624,0.05079950547120224
0.04522109872843585,0.05078970320275494
0.04521373428648375,0.05078571759729116
0.04519462604835054,0.05077861797931876
0.04518633158449484,0.05077573499074646
0.04516671574944617,0.05076186963120032
0.045146988880096,0.05074538052326358
0.04513883258700499,0.0507412983949407
0.04513013279838064,0.05073570271165674
0.04511749024409577,0.05073044376836969
0.04509809406558735,0.05072115344055291
0.04509142747435952,0.05071796793669449
0.0450791332131785,0.05071221143721061
0.0450686496155152,0.05070661636706095
0.04505578778004504,0.05070080152790772
0.04504266663829384,0.05069116552904541
0.0450356993266187,0.0506875444177767
0.0450197722491901,0.05067656170175567
0.0450049229130305,0.05066890775130236
0.04498880526259556,0.0506575985609652
0.04497881097590253,0.0506508652272338
0.0449596518923005,0.05064075562332331
0.0449536551365123,0.05063774058770842
0.04494481785119814,0.05063028331422646
0.04493449421890747,0.05062413602918946
0.04492039508363892,0.05061402381245209
0.04490710721407273,0.05060585649726702
0.04489866385430329,0.05059901982121975
0.0448743688414624,0.05058050364634486
0.0448556986824391,0.0505678199157149
0.04483195176898602,0.05055161320091429
0.04482490820509033,0.05054523296774852
0.04481518124334927,0.05053909717791585
0.04480294871900369,0.05053393696475907
0.04478842300307923,0.05052548994655024
0.04477063533720131,0.05051116720138205
0.0447591412956109,0.05050440914609367
0.0447452985965428,0.05049601561310028
0.04473514274798848,0.05048918365004736
0.04472245159850573,0.05047997503279143
0.04471050243861893,0.05047086903165305
0.04470194670043389,0.05046602488199321
0.04468815529692195,0.05045666794737521
0.04467235405658556,0.05044391748462032
0.04466378314117801,0.05044012118203579
0.0446448294880561,0.05042398318483991
0.04462718638823458,0.0504144990529698
0.04461505298347916,0.0504044078331824
0.04460503294587192,0.05040018585591867
0.04460072475189561,0.05039751283635991
0.0445876221185921,0.05039062606251651
0.04457058997589559,0.05037904610172978
0.04455531148151305,0.0503687051624931
0.0445455908342409,0.05036270356250159
0.04452870038195671,0.05035419075575811
0.04450816348196808,0.05033922697373517
0.04450043325685931,0.05033534631064324
0.04449323585748437,0.0503317614127563
0.04447924780611209,0.05032772323438454
0.04445340808394575,0.05030851515932671
0.04444212740491017,0.05030035895701761
0.04443062623050389,0.05029159368136235
0.04442078481064401,0.05028592649222158
0.04441196425098597,0.05028024637063498
0.0444014673457502,0.05027226442499143
0.0443825697056739,0.05025679545666546
0.04436481727337191,0.05024782643029704
0.04435397094321786,0.05023964352178521
0.044337282831777,0.05022805055288241
0.0443270445621055,0.05022166669190772
0.04432069329802689,0.05021889823624903
0.04430663045170988,0.05020848326827185
0.04429661376756983,0.05020185892215452
0.04428850781517154,0.05019677184553375
0.04427411888939763,0.05018658009435585
0.04425718059887579,0.05017591845798641
0.04424718344123414,0.05017020637151608
0.04422810100223075,0.05015703406803178
0.04421521097150454,0.05015201451174846
0.04419727773980718,0.05013923187790308
0.04418008234851397,0.05012725944992278
0.04417328788633591,0.05012417670825176
0.04416702700219704,0.05012098398910988
0.0441579972089431,0.05011480056402264
0.04414727019898295,0.05010592833005676
0.04413793476639615,0.05010323686717617
0.04412943992012928,0.05009993682579593
0.04411885632968197,0.05009418344879653
0.04411305886587737,0.05009162118039569
0.04410269402570312,0.05008197735222267
0.04409270981348605,0.05007880090245733
0.04407880439031812,0.05006836221480645
0.04405902214727879,0.05005608564214732
0.0440514806923036,0.05005169156511518
0.0440452651769687,0.05005013726461754
0.04403047178081509,0.05003974746351237
0.04401860843922095,0.05003378281234763
0.04400055205962669,0.05002572706982763
0.04399073575898922,0.05002095123022762
0.04397934195303804,0.0500124108958289
0.04396712426811653,0.0500049174518701
0.04395469618311459,0.04999673964706648
0.04394220702376369,0.04999289623984977
0.04392956208513504,0.04998441059967353
0.04391585181262012,0.04997651807930346
0.04390393247713969,0.04997147776288857
0.04389068087201584,0.04996311075466607
0.04388056951675987,0.04995819048236227
0.0438705457468505,0.04995274009919574
0.04385958391462428,0.04994630713923408
0.04385245443473193,0.04994408785862713
0.04383996809442264,0.04993542718345485
0.04382420681775032,0.04992485785437827
0.04380913835870147,0.04991383537176806
0.04380505897176468,0.04991190583263338
0.04379366569276381,0.04990604073405726
0.04377423653777903,0.04989844378914444
0.04376353094847713,0.04989547116260844
0.04375192341453104,0.04988806406493976
0.04374390293864078,0.0498836745131661
0.04373593537149126,0.04987863641261892
0.04372612013022362,0.04987201559508231
0.04371137969769889,0.04986381842565299
0.04370299847906508,0.04985924896686721
0.04369073980504345,0.04985328377722838
0.04368202584041651,0.04984874056512717
0.04367235878369916,0.04984472375667134
0.04366181175474691,0.04983746471914344
0.04364297744302947,0.04982623473285673
0.0436373014513747,0.04982239895195099
0.04362274396266763,0.04981396314318592
0.04361678006765705,0.04981199573445469
0.04360391346870342,0.04980374915632364
0.04358813013887255,0.04979377372210698
0.04357895761393622,0.0497887296730876
0.04357452751455386,0.04978653178061686
0.04356181952936027,0.04977952398117563
0.04355571677493909,0.04977750695459596
0.04354724657443058,0.04977290647221204
0.0435399255585043,0.04976823845337843
0.04353094483440808,0.04976146586597246
0.04351865865567855,0.04975355071923748
0.04351203702831194,0.04974968581259496
0.0435034922529212,0.04974640817472597
0.04349220762576294,0.04973966522392622
0.04348454233017796,0.04973560964100585
0.04347369470107279,0.04973295897080936
0.04346964746788508,0.04973138294391132
0.04346002799835085,0.0497278009851343
0.04344854956509277,0.04972038011325894
0.04344084050554797,0.04971614291772433
0.04342844004757115,0.0497104739710665
0.04341827248057555,0.04970477579596341
0.04340578107090462,0.04969776204928675
0.04339284237316632,0.04968995276091426
0.04338421904845336,0.04968612174798007
0.0433769852718589,0.0496820685765113
0.04336418504497181,0.04967417151813057
0.04335530633183002,0.04966917634104092
0.04334114590237028,0.04966122637589648
0.04333433058544352,0.04965701987753711
0.04331344523369449,0.04964133255320099
0.04330839857077927,0.04963939688865081
0.04329571392192843,0.04963362774191476
0.04327597269640457,0.04962046356241819
0.04326311422532977,0.04961598453723771
0.04325642500385456,0.04961282495092005
0.04324438089592425,0.04960596555487786
0.04323262080895238,0.04959976845809266
0.04322031627121507,0.04959214616020353
0.04321305638625585,0.04958686854239704
0.04320534822056454,0.04958286275207054
0.04319569030215457,0.04957786925330716
0.04318320858114618,0.04957064259344663
0.04316941841043864,0.04956162209941405
0.04315358355185631,0.04955202964170891
0.04314203386384965,0.04954718189921389
0.04313273443543764,0.0495423925421822
0.04312425647947012,0.04953677086623044
0.04311729970196283,0.04953422057747488
0.04310792447101355,0.04952934692415463
0.04310356360529898,0.04952688265322903
0.04308777888750867,0.04951810740143854
0.04307592531426405,0.04951207701453919
0.04306498814552906,0.04950684910934092
0.04305083242938606,0.04949903203552806
0.04304252938896948,0.04949355444839377
0.0430321315672526,0.04948759779356198
0.04301704863852605,0.04948028901221856
0.04300255431003278,0.04947138129817176
0.04299314817687645,0.04946496982591771
0.04298526542893372,0.04945991573692542
0.0429792810389791,0.04945828894265118
0.04297003560290571,0.04945287555120645
0.04295930084737775,0.04944922151764615
0.04295003197002548,0.04944573833616357
0.04294047589216259,0.04944045877023261
0.04293232078451227,0.04944016626685092
0.04292487676472776,0.04943659785512168
0.04291519108721929,0.0494319213352027
0.04290549866825204,0.04942643098697314
0.04289798925347479,0.04942186531945428
0.04288596981528366,0.04941717058318916
0.04287547308709413,0.04941087868961578
0.04286676962610158,0.04940599323765002
0.04286204250630927,0.04940318725285711
0.04285747855102426,0.04940232849086743
0.04285123966507238,0.04940148453397924
0.04283978753177699,0.04939435077313441
0.04282096256040741,0.04938310405608655
0.04281497047865582,0.04938099949685543
0.04280740574531662,0.04937924631211422
0.04279311293108317,0.04937188460176268
0.04278344959264972,0.04936758897945135
0.04277647145996841,0.04936545378726725
0.04276698492650505,0.04936262453872763
0.04275733938152292,0.04935957495887131
0.04275329142532705,0.04935701026674438
0.04273969761105076,0.04934947966388959
0.04272957277518345,0.04934431168563505
0.04272280367478736,0.04934063653719467
0.04271466950900757,0.04933617562348522
0.0427065314549671,0.04933360021854471
0.04269688279390583,0.04932765474584434
0.04268387766925892,0.04932029307048109
0.04267465704192865,0.04931640854431264
0.04266410819911792,0.0493111445254231
0.04265622070328905,0.04930660470190699
0.04263940490119046,0.04930167365759921
0.04263239884805616,0.04929869398084
0.04262693137377958,0.04929650701621779
0.04262021866778426,0.04929421499698509
0.04260917933766473,0.04928910036236168
0.04259493947714069,0.04928097057901867
0.04258402792112122,0.04927599713269714
0.04257545399471337,0.04927179532370566
0.04256057356049023,0.04926158685827148
0.04255459657629457,0.04925846639191788
0.04254882225795579,0.04925651134874404
0.04254430578083145,0.04925474526655089
0.04253725844224956,0.04925327819587776
0.04253053902861516,0.04925221551396863
0.04251682553982312,0.04924456113612213
0.04250745157297221,0.04924077261734677
0.04249926069377138,0.04923656291965661
0.04249467092189414,0.04923411398056907
0.04248143777175188,0.04922581375598579
0.04247694688861937,0.04922462938801852
0.04246434911939437,0.04921956314184606
0.04245693813266651,0.04921578644930796
0.04244891702181847,0.04921416791737242
0.04244312908379883,0.04921132848784236
0.04243774159153693,0.04920923637539844
0.04243205597812962,0.04920637299164814
0.04242150363701053,0.04920090476147337
0.04241380312971655,0.04919772336678346
0.04240933634864198,0.04919595925928058
0.04240317426769709,0.04919252832612982
0.04239643599684709,0.04918880971222664
0.04239312831235286,0.04918675435616961
0.04238465203196613,0.04918196468384662
0.04237739058440154,0.04917864379097621
0.04236805834270184,0.04917456544405992
0.04235494190012473,0.04916713792037168
0.04233893033369297,0.04915965637045606
0.04232240464538803,0.04915020918469709
0.04231627520799155,0.04914828765603389
0.04230572028867036,0.04914223921424598
0.04230037749947795,0.04913955819518973
0.04229258090396809,0.04913568740016967
0.04228722512229145,0.04913243788812489
0.04227620171512018,0.04912629087786535
0.04227190394092243,0.04912489146327887
0.04226542080531195,0.04912301953900002
0.04225995981541742,0.04912040841148847
0.04225612259056231,0.0491196405521702
0.04224821126553251,0.0491155495959654
0.04224183536548634,0.04911238096296863
0.04223126214715156,0.04910856725338422
0.04222354884131622,0.04910454765492624
0.04221255325867238,0.04909909092962302
0.04220584838776452,0.04909580043392146
0.04219711351609938,0.04909123427905904
0.04218915502454606,0.04908750367788642
0.0421802283713348,0.04908294184839773
0.0421738668784766,0.0490799455753541
0.04215358118289143,0.04907096015817113
0.04214833234378026,0.04906767884263528
0.04214245754878904,0.04906509668928086
0.04213539378706826,0.04906255054743345
0.04212301098747265,0.04905618890650422
0.04211607588694512,0.04905319372458571
0.04210639386201685,0.04904774046440048
0.04209589485626947,0.04904306197489798
0.04208794929695184,0.04903777648685251
0.04207996251858293,0.04903392418006784
0.04207324316110581,0.04903197948813404
0.04206550649285987,0.04902956675588376
0.0420596344089274,0.04902743224676569
0.0420556519065595,0.04902630047888303
0.04204899505244557,0.04902387550661343
0.042045884386952,0.0490221275246881
0.04203211926860712,0.04901833409987241
0.04202525186336781,0.04901627538715596
0.04202014708072346,0.04901465457255717
0.04200942749620514,0.04901141822579318
0.04200022362015272,0.04900814171533776
0.04199438508667731,0.0490058207001445
0.04199199344977456,0.04900524343077156
0.04198603430104484,0.04900276684753462
0.04197503407748812,0.04899867083229773
0.04196975000191681,0.04899738177524976
0.04196259070848347,0.04899429542077484
0.04195921081991189,0.04899245442067671
0.04195385374528848,0.0489899654848044
0.04195029472689901,0.04898957824408572
0.0419410797093499,0.04898685302501556
0.04192544994487512,0.04897725144124002
0.04191629337754422,0.04897381273424147
0.04190761830792292,0.04897141642594439
0.04190166113924064,0.04896872313285193
0.04189223957723091,0.04896445776316893
0.04188407387833887,0.04896248032366613
0.041870433503454,0.04895738001318919
0.041862354165107,0.04895356014678104
0.04185359583296582,0.04895023787304302
0.04184858194702995,0.04894915086240484
0.04184103301176473,0.04894681693699325
0.041833357821177,0.04894500350850835
0.04182855207896037,0.04894325093302115
0.04182295385878748,0.04894087274428443
0.04181597446796593,0.04893779843597127
0.04180538927402416,0.04893386612544792
0.04179914608643109,0.04893131082153421
0.04179466045952804,0.04892922456802289
0.04179147501770947,0.04892802963100629
0.04178107322507104,0.04892529741270087
0.04177220645413785,0.04892091304716813
0.04176482485664541,0.04891977068944935
0.04176250855544377,0.04891884109241141
0.04175713176269757,0.04891616345088638
0.0417461614465107,0.04891247852791397
0.0417403421023062,0.04891153076158024
0.04173182246333706,0.04890885782914656
0.04172333036653629,0.04890618300243407
0.0417158766752446,0.04890238611825344
0.04171060483388547,0.04890079314843619
0.04170496067016195,0.04889883454510687
0.04169339696390464,0.04889400080093487
0.04168990373401292,0.04889299989306871
0.04168351500901681,0.04889032772275662
0.04167628124354267,0.0488876516954956
0.04166867560203102,0.04888467312902865
0.04166329936736898,0.04888284895916693
0.04165443101750357,0.0488809087849884
0.04164974061737247,0.04887911493213242
0.04164214082325353,0.04887665850146165
0.04163617332388913,0.04887494476021019
0.04163253655203804,0.04887371961178556
0.04162435785170348,0.04887192923429055
0.04161676439258886,0.04886931457293052
0.04160950713751217,0.04886633048698427
0.04160233646533781,0.04886265048483317
0.04159902207081263,0.04886203394743432
0.0415940717840054,0.04886069211095825
0.04158465559259113,0.04885796846495349
0.04157484599247433,0.04885282208431459
0.04156540442727157,0.04884921607254138
0.04155849539102725,0.04884519498853811
0.04155062037581555,0.04884264814610267
0.0415431449174545,0.04884058204522845
0.04153574809703912,0.04883707745797114
0.0415211609317753,0.04883082143920797
0.04150940771978393,0.0488234363905653
0.04150172447254259,0.04881802450728273
0.04149032479037392,0.04881251134040995
0.04148562253617834,0.04881086789234435
0.04147687541826235,0.04880696186810825
0.04146929154339529,0.04880453051836717
0.0414647380315503,0.04880241519738782
0.04145690783433719,0.04880017311126636
0.04145315951450131,0.04879933657677259
0.04144714314136905,0.04879684408751059
0.0414405920307059,0.04879588444084104
0.04143578999407852,0.04879403128849571
0.04143030891734124,0.04879249566492914
0.04142362218561504,0.04879071924890104
0.04141591692442202,0.04878770999017275
0.04140893094059774,0.04878570660198104
0.04140490476861626,0.04878510380743161
0.04139307190063295,0.0487818611719784
0.04138485300870968,0.04877961041448017
0.04137814266461889,0.0487768902232452
0.04137169559999734,0.04877362475341059
0.04137007072338514,0.04877360277556286
0.04136373927545604,0.04876919231628849
0.04135480424265609,0.04876529979133512
0.0413425743873455,0.04876074581794619
0.04133626406127995,0.04875896002490823
0.04132825480510668,0.04875586152640884
0.04132038424155724,0.0487526712151859
0.04131249909640212,0.04875076291538279
0.04130560024652014,0.04874804464086809
0.04129977327938193,0.04874692359155736
0.04128702889021332,0.04874102267300502
0.04127774449772779,0.04873600077200775
0.04126888443338613,0.04873220139975367
0.04126462270318052,0.04873122497592684
0.04125788857852357,0.04872961902908968
0.04125145939820478,0.0487276856189925
0.04124391007264598,0.04872312311169479
0.04124111093423513,0.04872160971358774
0.04123585045365975,0.04872041894311754
0.04123087418439902,0.04871838250847449
0.04122626239246152,0.04871738565409367
0.04122287693229866,0.04871684600005399
0.0412156880123867,0.04871450899020802
0.04120893272232289,0.04871147462813133
0.04120034657516534,0.04870722910936123
0.04119405400490443,0.04870459946813516
0.04118597821810838,0.04870162290463743
0.04117847230797708,0.04869833805969358
0.04116961914670236,0.04869497237724191
0.04116417552352976,0.0486941463938162
0.04115823194211483,0.04869191578301017
0.04115292701720055,0.04869107603954035
0.0411452327593525,0.04868801944877616
0.04113901125860057,0.04868644558484619
0.04113236536118914,0.04868353711436554
0.04112798005505461,0.04868157446748975
0.04111963523705484,0.04867682438100061
0.04111253035641867,0.04867451230814464
0.04110297239446441,0.04866864451962706
0.04109597966761039,0.04866549477097774
0.04109299156088374,0.04866344447636309
0.04108399552560128,0.04866030477478933
0.04107861537116002,0.04865903062900095
0.0410718807255294,0.04865839837215558
0.04106783553294215,0.04865696197292791
0.04105545347335302,0.04865073854721028
0.04104942550793947,0.04864907091206576
0.04104060921449297,0.04864689175818038
0.04103611631208614,0.04864481538900864
0.04102527978188222,0.04864070501653241
0.04102061000468974,0.04863924101820397
0.04101568285618398,0.04863682538811707
0.04100679781310632,0.04863291339765946
0.04099964082820177,0.04863080862406324
0.04099552077539292,0.04862957010742207
0.04099149528582268,0.04862824895675058
0.04098394923614031,0.04862625203291926
0.04097814128119844,0.04862338555179345
0.04097272955112376,0.04862077598462963
0.04096520189004824,0.0486184036447251
0.04095659973400018,0.04861513886928272
0.04094900523713588,0.04861357408053616
0.04094009460132957,0.04861051027589275
0.04093309460769819,0.04860893475110738
0.04092732768154385,0.04860636788488305
0.04092085373141791,0.04860397043274473
0.04091355981211237,0.04860051332389093
0.04090899296092136,0.04860002804241982
0.04090275098521554,0.04859986724558581
0.0408960364345879,0.04859780487472169
0.04089038599847009,0.0485955922273072
0.04088631022020709,0.04859498580519834
0.04087967860765206,0.04859214581130709
0.04087382902803603,0.04858983223214802
0.04086919590736254,0.04858929341853598
0.04086747201209292,0.04858842076278117
0.04086324374296774,0.04858773426340712
0.04085507311746234,0.04858597006638795
0.04084902091585676,0.04858479403560391
0.04084519301951101,0.04858378573844482
0.0408377530815681,0.0485813461569252
0.04083365025049497,0.04858025908370342
0.04082418407385872,0.04857557447183983
0.04081704626038136,0.04857463261290387
0.04081260063511544,0.04857307968198501
0.04080806798882533,0.04857145840137558
0.04080273001649713,0.04857003523645122
0.04079658578351295,0.04856852995749334
0.0407904211847334,0.04856577764322455
0.04078357297930824,0.0485648709722712
0.04077388771581749,0.04856202684661447
0.04076683224700584,0.04855974097268157
0.04076004724718178,0.0485569150354889
0.04075336942504052,0.04855423245626959
0.04074372487274864,0.04855202981559546
0.04073848863164865,0.04855087924075104
0.04073231104808388,0.04854824790937871
0.04072717070349794,0.04854861384714335
0.04072183688664937,0.04854700824947218
0.04071631689504549,0.04854589580752443
0.04070950848844217,0.04854463078010569
0.04070488544880507,0.04854335297534114
0.04069591915043139,0.04853951483954649
0.04068878274707492,0.04853836141340198
0.04068462144687621,0.04853664056122122
0.04068184158943859,0.04853615789271293
0.04067361271962983,0.04853346957782841
0.04066879926110317,0.04853208585246287
0.040666692585599,0.04853166211404791
0.04066007719159555,0.04853092486194966
0.04065263923042281,0.04853043462312374
0.04064580637616357,0.04852836202401075
0.04063957520056506,0.04852602424270054
0.04063285197242129,0.04852319105748913
0.04062619326249713,0.0485200921385318
0.04062023029687001,0.0485171435878772
0.04061594091064316,0.048515377747029
0.04061081065848824,0.04851341470090481
0.04060791220502186,0.04851307793707673
0.04060080795395039,0.04851240671625606
0.04059464775739396,0.04851110196704555
0.04059033483714741,0.04851022747518742
0.04058672466224764,0.04850792454507832
0.04057999374586203,0.04850656558411125
0.0405742726948148,0.04850531127242469
0.04056865256817475,0.04850437808635651
0.04055721833909377,0.04850114346343575
0.04055370971024231,0.04850043968576769
0.04054696121222492,0.04849787046841048
0.04053931991138232,0.04849650578407862
0.04053604708273361,0.04849523688713845
0.04053067403476401,0.04849281483078974
0.0405244214515903,0.04849021247043269
0.04051570820389564,0.04848710033329309
0.04050864325683469,0.04848525506710315
0.0405066181311488,0.048484634971528
0.04049999190134566,0.04848178523276268
0.04049304964531183,0.0484788285839516
0.04048641478321946,0.04847797150402482
0.04047716447523444,0.04847602061738384
0.0404701996061852,0.04847341438891938
0.04046718601701627,0.04847263539520535
0.04046456169378886,0.04847252772434389
0.04046287716088301,0.0484720621046627
0.04045528914565334,0.04846860594231985
0.04044609467632699,0.04846574180883013
0.04043868724492594,0.04846401375267653
0.04043420460264716,0.04846277854603621
0.04043095142293277,0.04846258055073581
0.04042705030454471,0.04846172914497177
0.04041957955415443,0.04845980843709512
0.04041301408593624,0.04845850184432191
0.04040377996031179,0.04845513158334473
0.04039506271645223,0.04845284046068162
0.04038868968570131,0.04845160804877291
0.04038329219647926,0.04845060719949178
0.04037443146130299,0.04844799428414807
0.04037047067484538,0.04844670243502016
0.04036721782248325,0.04844630652208994
0.04036016564309141,0.04844437106768176
0.04035703814912616,0.04844357761089028
0.04035103558320512,0.04844282462126812
0.04034442257389775,0.04844157925972213
0.04033890925940813,0.04843834219979152
0.04033320193832043,0.04843714872815209
0.04032571149516801,0.04843267542238057
0.04031805831211398,0.04842901564642883
0.04031286887234707,0.0484275038695957
0.04030472409252803,0.04842569802611165
0.04029865836520003,0.04842432453520714
0.04029350085705702,0.04842348587283413
0.04028550085548619,0.04842059712912992
0.04027949351932292,0.04841818394104688
0.04027531005075578,0.04841686062159097
0.04026791194420824,0.04841455955131961
0.04026047744982213,0.04841224415458038
0.04025431215399504,0.04840990916894336
0.0402494358403511,0.04841036951134062
0.04024399098371609,0.0484091803233095
0.04023620967734053,0.04840635412030997
0.04023211446328324,0.0484052541811201
0.04022581596257659,0.04840344804673312
0.04022153225460135,0.04840311836185163
0.04021805041043566,0.04840184849377788
0.04020990096721352,0.04839741049918251
0.04020368704360934,0.04839609685423912
0.04019539320508285,0.0483943816941163
0.04018735508283901,0.04839142444052642
0.04018023645104026,0.0483893058853286
0.04017297787056964,0.04838690939970204
0.04016858220683382,0.04838560401719343
0.04016378574364266,0.04838503053899002
0.04015993946104763,0.04838382040427569
0.04015644712403951,0.04838351131637719
0.04015195157592521,0.04838230390490392
0.04014644134984148,0.04838142646912266
0.04013771717072721,0.0483798214962137
0.0401276324973496,0.0483756175893377
0.04012411854886638,0.04837418114871961
0.04011735726436913,0.04837162917230858
0.04011240743179044,0.0483700443063006
0.04010562757378209,0.04836919429764421
0.04010222335972884,0.0483681610597182
0.04009939147869138,0.04836736164731235
0.04009332892566046,0.04836515767038757
0.0400887306225983,0.04836355748314636
0.04008140275806975,0.04836074763069172
0.04007547055620859,0.04835900027020932
0.04006987361440444,0.0483561791477447
0.04006578386668382,0.04835510906417786
0.04005781755452698,0.04835393084212507
0.04004780014279521,0.04835121345894126
0.04004347175933239,0.04835082066852862
0.04003923882879355,0.04834887891429917
0.0400374075615187,0.04834849543007663
0.04002819674516971,0.04834461695750812
0.04002253463045051,0.04834372224528936
0.0400171136488192,0.04834276224440813
0.04000958321370977,0.04834072820758584
0.04000270077402307,0.04834071829792545
0.03999892781701875,0.04834040822384906
0.03999084538258683,0.04833676557374049
0.03998428862775896,0.04833423858294554
0.03997861072680614,0.04833259675495899
0.03997450461441969,0.04833153530667937
0.03996917732364557,0.04833027252558066
0.03996417553900572,0.04832909261776251
0.0399583595896764,0.04832851806812666
0.03995481032962413,0.04832715336936825
0.03994954104762093,0.04832585435811437
0.03994547788475547,0.04832472987522163
0.03994208068295024,0.04832440282924248
0.03993492830416707,0.04832246695966515
0.03992818718841876,0.04832051268101704
0.03992455506500592,0.04832026136325747
0.03991990308400192,0.04831895605686102
0.03991496629406235,0.04831746436952122
0.03991043480448782,0.04831625975157052
0.03990454512750372,0.0483151479725661
0.03990254727853076,0.04831510827032485
0.03989771476876764,0.04831404117869789
0.03989211560013779,0.04831314785004243
0.0398894298779148,0.04831204965853783
0.03988292543115284,0.04831043185010844
0.03987838749272134,0.04830905024102311
0.0398758777527694,0.04830805552246347
0.03987007660712046,0.04830564195511784
0.03986359044147439,0.04830426745462988
0.03985558193557853,0.04830164365958943
0.03985174506490272,0.04829981794151449
0.03984901565232107,0.04829978421204237
0.0398451133744477,0.0482994003228966
0.03984066295054643,0.04829998833238895
0.03983583143294402,0.04829761049392578
0.03983087345922508,0.04829643283907671
0.03982595871085121,0.04829491379872796
0.03982003352505432,0.04829385528845718
0.03981345938814256,0.04829122634070324
0.03980687273035591,0.04828930275663235
0.03980367103926757,0.048288511409014
0.03979869549749872,0.04828736144709087
0.03979219386955603,0.04828562697386453
0.03978435857584794,0.04828532996349229
0.03977451538650162,0.04828099296132998
0.03976692453021541,0.04827902360550789
0.0397608278650478,0.04827672538379114
0.0397542598871151,0.04827628829809371
0.03974418052751316,0.04827388089911298
0.03973832585928589,0.04827360071668605
0.03973520218549006,0.04827269102555865
0.03972838361548773,0.04826900936524516
0.03972283640721236,0.04826808762290943
0.03971680976166877,0.04826682744255343
0.03971358509787998,0.04826600049896464
0.03970573270847751,0.04826433205272156
0.03970162474768597,0.04826259830133909
0.03969716439835409,0.04826085378287758
0.03969401658760458,0.04826034526149254
0.0396876742965866,0.04825863369739825
0.03968507897125694,0.04825827915132528
0.03968058001895149,0.04825777678740342
0.03967057591407386,0.04825431878702503
0.03966487017805792,0.04825310721524725
0.03966025467336916,0.04825208026301125
0.03965672967915631,0.04825214158435889
0.03965113048580005,0.04825032505730641
0.03964246745186534,0.04824665150484107
0.03963845009898089,0.04824617489405215
0.03962850919861547,0.04824376808008179
0.03962280972168997,0.0482424403550499
0.03961801150933562,0.04824184013696516
0.03961200370973199,0.04823978105088984
0.0396069478856485,0.04823957119711135
0.03960301220201447,0.04823944458707478
0.03959675676422023,0.04823834577501802
0.03959091971065186,0.04823658604429162
0.03958609758228553,0.04823536932129398
0.03958262628661809,0.04823445708041681
0.03957865806925094,0.04823280404564587
0.03957396326792965,0.04823127873316572
0.03956784469398762,0.0482305299876148
0.03956216206739397,0.04822906095807888
0.03955717975266385,0.04822914691244223
0.03954951165714573,0.048226983253378
0.03954309656306659,0.04822506227594198
0.03953869954572361,0.04822446228358192
0.03953308176884406,0.04822333756343054
0.03952947127097329,0.0482229194627055
0.03952408197043673,0.04822189872634204
0.03951567470293686,0.04822035518085775
0.03951193538356653,0.04822044815301529
0.03950734818842075,0.04821884097648978
0.03950093395374319,0.0482171346220119
0.03949601640307138,0.04821688846217503
0.03949226374011926,0.0482157374290164
0.03948480098360101,0.04821423978934427
0.03947751721658393,0.04821311876836699
0.03947179109033414,0.04821334888761437
0.03946519993749792,0.04821263848351858
0.03945996684693288,0.04821149513306616
0.03945551700986199,0.04821057257273392
0.03945037220825894,0.04821010059463765
0.03944234944325752,0.04820798590061508
0.03943667736152165,0.0482053895005207
0.03943333275969693,0.04820509859367249
0.03942636166941951,0.04820312425045787
0.03942074741677117,0.0482015398576299
0.03941740755145948,0.04820128760333266
0.03940982670328075,0.04820051046267058
0.03940186607766788,0.048198181903726
0.03939828223921883,0.04819775419609356
0.03939060407258745,0.04819605678493792
0.03938392765634592,0.0481935254422645
0.03937811309131732,0.04819284335800546
0.03937566577300742,0.04819240588680088
0.03937075833135609,0.04819020808906281
0.03936370599523445,0.04818909242318995
0.03935851260991951,0.04818899866295171
0.03935507205055124,0.04818866674773047
0.03935086151853211,0.04818756997657626
0.03934375100582925,0.04818458468223166
0.03933971610039128,0.04818374080227203
0.03933282709165051,0.04818154506009881
0.03932819238026777,0.04818112461176276
0.03932475449978235,0.04817959486552254
0.03932195356037563,0.04817937973076609
0.03931788306496727,0.04817815583126748
0.03931181434461339,0.04817618261851015
0.03930570181129286,0.04817426791478464
0.03929985337091284,0.0481721514705723
0.03929207920706956,0.04817076608451792
0.03928733535859225,0.04817021278888551
0.03928243266597472,0.04817015121276435
0.0392762419981338,0.04816951298682283
0.03927363590142229,0.04816957601684112
0.03926683626570433,0.04816727003535613
0.0392620537589748,0.04816659905019838
0.03925748946286114,0.04816559269256526
0.03925420241989423,0.0481646833330258
0.03924558292958311,0.04816123405890863
0.03923887453061104,0.04816002702538242
0.03923242803914512,0.04815947032712503
0.03922777471977231,0.04815875095673435
0.03922053764357215,0.04815479586783817
0.03920979090555675,0.04815057195483409
0.03920581627082212,0.04815033936185615
0.03920032944513933,0.04814903864734649
0.03919673192938535,0.04814838944129239
0.03919163044034753,0.04814730651395142
0.0391844262904683,0.04814612045211619
0.03917932949873994,0.04814581252798596
0.03917304750505627,0.04814496680631285
0.03916769292530575,0.04814461105008568
0.03916224484542983,0.04814299969141361
0.03915704558179582,0.04814187906934727
0.0391529063976513,0.04813952595437596
0.03914640916854498,0.04813766293883281
0.03914029441039891,0.04813581636464355
0.03913335784731775,0.04813400507187884
0.03912566161017584,0.04813318895158705
0.03912258987626121,0.04813260858577352
0.03911759159465467,0.04813065110210045
0.03911200898287241,0.04813042507599341
0.03910794596126559,0.04813032361014552
0.03910578969579625,0.04813013083370122
0.03909728656613078,0.04812743543671612
0.0390919219818175,0.04812799244602281
0.03908488611140472,0.04812634874578815
0.03908244988178003,0.04812669544782689
0.03907466196930207,0.0481247282274995
0.03906897891221782,0.04812302202657365
0.03906284921592191,0.04812115074798379
0.03905976782012702,0.04812013303882062
0.03905506017095904,0.04811908584293733
0.03904956069117695,0.04811762441564713
0.03904635413612589,0.04811720969138733
0.03904005378719785,0.04811608470115578
0.03903547227554741,0.04811646764319107
0.03903213838342027,0.04811548887334352
0.03902606093355716,0.04811374330885023
0.03901990676713021,0.04811302468309909
0.03901433365868371,0.04811343678301292
0.03901084821074938,0.04811276437815717
0.03900679529243066,0.04811253013769213
0.03899967459108411,0.04811167552549715
0.03899661220072433,0.04811074742757211
0.03899414483773433,0.04810971520630416
0.03899042856392872,0.04810915587722659
0.03898447329364781,0.04810791503197842
0.03898027185400896,0.04810610498155415
0.03897695602266432,0.04810631435733127
0.03897172768551257,0.04810484964971363
0.03896571895154722,0.04810367006140984
0.03896124150317477,0.04810249809174517
0.03895728880108038,0.04810189250938494
0.03895286178307038,0.04810036210979998
0.03894799966844854,0.04810054822326225
0.03894009491469486,0.04810035607979651
0.03893122047047926,0.0480972423438468
0.0389277365551183,0.04809595836531334
0.03892429031611033,0.04809585751866426
0.03891359118355756,0.04809210747048795
0.03890953832940611,0.04809163632489191
0.03890528477479123,0.04809089390717411
0.03890020213752176,0.04809069085061247
0.03889687603317792,0.04809066754269394
0.03889233257814605,0.04808960310548642
0.0388882864917206,0.04808887983590551
0.0388807503510699,0.04808734943977326
0.03887569165655116,0.048086523017246
0.03887151961041818,0.04808538703642367
0.03886372954255445,0.04808397781836575
0.0388598231172437,0.04808334059587139
0.03885402335268743,0.04808120772996664
0.03884963262220364,0.04808082349621729
0.03884855656911694,0.04808088250878109
0.03884404199151634,0.04807957138933261
0.0388412244125189,0.04807961047401047
0.03883357421264405,0.04807732392508062
0.03882923015026868,0.04807568552498837
0.03882174836182076,0.04807278596212691
0.03881674540911537,0.04807155922956339
0.03881172389454163,0.04807097645973456
0.03880734518648537,0.04807077453546658
0.03880116718650092,0.04806931287558397
0.03879888126360527,0.0480691698421189
0.03879516043245181,0.04806899131544025
0.03878972253851311,0.04806826470512755
0.03878464677716941,0.04806794153261357
0.03877786909889314,0.04806695772080156
0.03877439628671219,0.04806623660851266
0.03876845918196879,0.04806499988772592
0.03876251478802774,0.04806396861837003
0.03875825785054791,0.04806356945002264
0.03875171177986944,0.04806265187577873
0.03874892385135725,0.04806263988028842
0.03874523593102813,0.04806221842461272
0.03873879034208394,0.04806116467127703
0.03873297634055386,0.04805964176795319
0.03872458257226368,0.04805761427163414
0.03871856441300048,0.04805692219232788
0.03871344404744038,0.0480553221648795
0.03870998840807287,0.04805522874676987
0.03870638676698135,0.04805553682410061
0.03870083674243241,0.04805537009548282
0.03869524737784583,0.04805503606062261
0.03869061351159797,0.04805415745682223
0.03868602722950729,0.04805453474337525
0.03868115280779193,0.04805556433107752
0.03867418080842316,0.04805500162839052
0.03867046879542731,0.04805364423566499
0.03866678513919519,0.04805307435825548
0.03865929647755714,0.04805124783212603
0.03865444556539482,0.04805010186509881
0.03864653191655235,0.04804965490947514
0.03864314002889094,0.04804941648270611
0.03864015410836999,0.04804843632733354
0.03863661436675057,0.04804798029148247
0.03863228871884436,0.0480483538715641
0.0386250505255244,0.04804793322229713
0.03862110653864072,0.04804746770362115
0.03861501233284096,0.04804564251888857
0.03860867106159122,0.04804333538344673
0.0386058560627744,0.0480436053639526
0.03860136001638088,0.04804216350398367
0.03859589050485804,0.04804065787416201
0.03859193774627098,0.04803985181131742
0.03858786446420412,0.04803886311287612
0.03858429321390822,0.04803734930453354
0.03857960682663086,0.04803655521881004
0.03857626336768745,0.04803570600363748
0.0385719795467401,0.0480346461202058
0.03856576655867362,0.0480333639340242
0.03856193735145932,0.04803327397124776
0.03855599885401261,0.04803265098866995
0.03854935669950982,0.04803091251640138
0.03854506998647584,0.04803004218458611
0.0385366884720296,0.04802692344355661
0.03853342409014511,0.04802684510605461
0.03852834942571855,0.04802597526375839
0.0385189408626922,0.04802508068434735
0.03851509853296656,0.04802497549542311
0.03850954222217778,0.04802299530854783
0.03850435717828467,0.0480226822611339
0.03849988992073648,0.04802210365025172
0.03849561372297809,0.04802197757486174
0.03848946737084716,0.0480208986625224
0.03848528172391139,0.04801993887256752
0.03848005182057537,0.04801875113343208
0.03847489528832566,0.04801830682913969
0.03847099407342362,0.04801668842258892
0.0384646453259706,0.04801510260127192
0.03845982545398303,0.04801431238366083
0.03845550369388231,0.04801397462124439
0.03844974320056614,0.0480123540539399
0.03844622209023807,0.04801252729521242
0.03844123716514728,0.04801264848764745
0.03843566517172537,0.04801185835173367
0.03843229760322226,0.04801159407659907
0.03842676446061991,0.04801127312830943
0.03841997731181657,0.04801031035530062
0.03841473087046144,0.04800990093504837
0.03840676158977214,0.04800788424799961
0.03840197267876845,0.04800754978313154
0.03839652752685497,0.04800571319411898
0.0383921468324388,0.0480052391397957
0.03838862587609911,0.04800509448449704
0.03838519325394886,0.04800402534570566
0.03838159333223121,0.04800296378967405
0.03837671675871236,0.04800162488031182
0.03837188829263886,0.04800124592670778
0.03836669389111243,0.04799994446239256
0.03836243257593849,0.04800075802138199
0.03835837621435197,0.04800022962991981
0.03835611495460211,0.04800060728776308
0.03835356405133696,0.04800070299930251
0.03834896570498008,0.04800001807961685
0.03834279330054227,0.0479997539594223
0.03833618074793282,0.04799652697119027
0.03832992399111763,0.047996482834609
0.03832639448162687,0.04799593907611859
0.03831865839785428,0.04799580582936451
0.03831305962209759,0.0479941405716059
0.03830802030495612,0.04799131529457618
0.03830282869093952,0.04799003786142033
0.03830015822223692,0.04798934116535555
0.03829609045227465,0.04798914752635256
0.03829335409446707,0.04798904248298969
0.03828901177035589,0.04798851707045662
0.03828416909435488,0.0479878222797572
0.03827665194408963,0.0479889750694453
0.03827300147017668,0.047988622200199
0.03826359871953492,0.04798519613824708
0.03825823736085297,0.04798473865542877
0.03825403483998605,0.04798366188965793
0.03824905875597205,0.04798285932139724
0.03824503388675471,0.04798181580118954
0.03824070524635629,0.04798111934055158
0.03823637597115103,0.04798064367408559
0.03823209329898587,0.04797996256892418
0.03822827673002258,0.04798032256964183
0.03822346122993468,0.04797989454155002
0.03821861669591189,0.0479788763629392
0.03821162815355118,0.04797764189942366
0.03820712972695377,0.04797697798472252
0.03820162924009178,0.04797583579168406
0.03819853009759488,0.04797524676019549
0.03819335897541765,0.04797429422876795
0.03818910819762489,0.04797410126565503
0.03818335427948862,0.04797295776613697
0.03817855006219395,0.04797324735982055
0.03817159165885833,0.04797244672884926
0.03816587306711212,0.04797097431714537
0.03816164812453541,0.04797069105430812
0.03815904892965464,0.04797086826187139
0.03815422206815566,0.04797021867937991
0.03814966133511296,0.04796973059690926
0.03814571660728392,0.04796998600528661
0.03814298612562398,0.04797029954003643
0.03813554301443342,0.04796992145799183
0.03812916553233738,0.0479691178998324
0.03812664645870766,0.04796944026157164
0.03812209800760578,0.04796818421837285
0.03811944869987232,0.04796774815830451
0.03811329412269953,0.04796723566006961
0.03810591818049355,0.04796632393381896
0.03809739874340851,0.04796439877173746
0.03809480205993954,0.04796456454806796
0.03809020832676954,0.04796389088400123
0.03808511030107347,0.04796218743277333
0.03807965341295467,0.04796047588326013
0.03807412058982155,0.04795941034967479
0.03806646235311971,0.04795859780519814
0.03806171062541785,0.04795798340062091
0.03805554920648547,0.04795629236581901
0.03804970733157109,0.04795480607098806
0.03804678028018997,0.04795467194233867
0.0380400826744409,0.04795301474665589
0.03803618906707565,0.0479521349064259
0.03803241739438912,0.04795133525549108
0.03802797908068897,0.04795137743019645
0.03802127639674943,0.04795152398962443
0.03801659617604732,0.04795131736681239
0.03801289463464491,0.04795149210797606
0.03800809016366104,0.04795143142674307
0.03800502943125207,0.04795030599998125
0.03799809435618425,0.04794893054658892
0.03799415884991332,0.04794834997520191
0.03799136691372654,0.04794804605605008
0.03798705492523068,0.04794786193941836
0.03798128026305787,0.04794666534465267
0.03797556683062663,0.04794645572370711
0.03797135175043414,0.04794649680200621
0.03796811775858952,0.04794619519931632
0.03796475482431294,0.04794547825826746
0.03796149381268341,0.04794507168118765
0.03795777616247986,0.04794485074024377
0.0379516010492715,0.04794380410628552
0.03794698716190049,0.04794265710843054
0.0379423626521686,0.04794283577810418
0.03793716074234232,0.04794190320534882
0.03793162291932514,0.04794055403738808
0.03792869021310961,0.04793993373030316
0.03792260525567105,0.0479400104845995
0.03791828395152141,0.04794060808657355
0.03791566508244625,0.04793963547726336
0.03791047820876838,0.04793887794195801
0.0379067369211523,0.04793937195214663
0.03789861743489036,0.04793760065179691
0.03789423411981582,0.04793784277824481
0.03789105981658247,0.04793756766714576
0.03788598283278121,0.04793655860555407
0.03788212656071663,0.04793484319201145
0.03787894819483014,0.04793393100734145
0.03787587551948826,0.04793380440387649
0.03787225631410729,0.04793385646469991
0.03786841642733611,0.04793364004276576
0.03786512607023097,0.0479334099580975
0.03785994519118407,0.04793378235614095
0.03785048124642994,0.04793011544435034
0.03784621785564846,0.04792990646882077
0.03784201101227116,0.04792974871968451
0.03783497798348881,0.04792859773576686
0.03783235547638523,0.04792873697935904
0.03782711733462332,0.04792820507162995
0.03782269022637844,0.04792708419861321
0.03781876985633308,0.04792703957241769
0.03781551990788234,0.04792679353448258
0.03781185617997138,0.04792666007144678
0.03780603726816848,0.04792525044803911
0.03780171599054476,0.04792539254373476
0.03779561667017476,0.04792470491915494
0.03779164918332349,0.04792445050714735
0.03778627401581082,0.04792484041953073
0.03778002266868019,0.04792352990288131
0.03777718542296393,0.04792352540032432
0.03777217226455346,0.04792255496829471
0.03777016225080222,0.04792238010108764
0.03776574059350313,0.04792189751769754
0.03776127212363985,0.04792121985002402
0.03775382297858677,0.04791903372274853
0.03774901518473197,0.04791797295325649
0.0377430593892615,0.04791744278730508
0.037738341816306,0.04791713777633643
0.03773148661494009,0.04791540198676816
0.03772867026869837,0.0479148838768888
0.03772419126198446,0.04791490336672116
0.03771771315242897,0.04791326366135609
0.03771557108009086,0.04791282284013108
0.03771155845406584,0.04791145545435253
0.03770888453627457,0.04791168864615829
0.03770629053051623,0.04791157883110226
0.03770023423156424,0.04791013447663943
0.03769812509758201,0.04790942420562323
0.03769280824572328,0.04790898799468457
0.03768940137714804,0.04790914798640114
0.03768599512418143,0.04790890837769114
0.03768236070452385,0.04790731070408526
0.03767662496712609,0.04790605875116761
0.03767354999511421,0.04790575646668963
0.03767038647366688,0.04790541491549059
0.03766889295224399,0.04790498505303044
0.03766185497251954,0.04790420554921562
0.0376573642172286,0.0479033811855977
0.03765285765709096,0.04790402661842925
0.03764931507936061,0.04790403731211101
0.03764033146201662,0.0479030537080448
0.03763437503339088,0.04790180643069034
0.03763048506191236,0.04790131179504904
0.03762617334222802,0.04790043080883411
0.03762139245142776,0.04789984861008185
0.03761816416532788,0.04789914982408786
0.03761388337569466,0.04789829128545682
0.03760989868711104,0.04789785984825617
0.0376076151708436,0.04789721608611412
0.03760343320419679,0.04789675270639866
0.03760001326654382,0.04789637859607976
0.03759489564064807,0.04789556847299718
0.03759331198870224,0.047895886174276
0.0375884841081091,0.047894846811384
0.03758204106720184,0.0478940503530623
0.03757683644438161,0.04789277723319893
0.0375746401051074,0.04789304200600284
0.03757058873742816,0.04789294651819148
0.03756319229239423,0.04789303124982634
0.03755786716448158,0.04789223163412373
0.03755653141824222,0.04789192649963866
0.03755309887006957,0.04789202741350499
0.03754950640590844,0.04789148163338861
0.03754226465005702,0.04788941848824235
0.03753985147448229,0.04788919464879683
0.03753540287150595,0.0478894161875934
0.03752887936904706,0.04788860829612317
0.03752350381094813,0.04788767452126188
0.03751830577730388,0.04788714379594959
0.03751364847182164,0.04788734683468643
0.03751039636493514,0.04788689453888293
0.03750679773931364,0.04788754810119362
0.03750513364459836,0.04788779828869599
0.03750049061216257,0.04788823305998936
0.03749561479178398,0.04788853877690682
0.03748973414517366,0.04789000919418464
0.03748487713398736,0.04788883245563217
0.03748171682131421,0.0478884053373811
0.03747687179747382,0.04788771837741306
0.03746966592672307,0.04788770366904358
0.03746515529038691,0.04788629965500844
0.03746011241346834,0.04788659591592007
0.03745608770807096,0.047886186720562
0.03745343635454827,0.04788550096009261
0.03744944187227164,0.04788542845916783
0.03744462903881007,0.04788490120213938
0.03744201786735504,0.04788394331260447
0.03743632378433082,0.04788378751827081
0.03743239071507119,0.04788315770247023
0.03742796466249827,0.04788256305495315
0.03742237046948103,0.04788077538254718
0.0374184480029198,0.04788106580662972
0.03741305147506861,0.04787966235268882
0.0374076665624844,0.04787898098407364
0.03740430384153783,0.0478788034185495
0.03739895447705248,0.04787764863503129
0.0373943302491873,0.04787777212717265
0.03738997145906307,0.04787824789651828
0.03738623658190115,0.04787859944338085
0.03738153198079215,0.04787824264601986
0.03737734477883364,0.04787817789014324
0.03737153975790799,0.04787743050176305
0.03736747976080855,0.04787647939625829
0.03736499210025474,0.04787630595799181
0.03736019167540418,0.04787534404078124
0.03735427493353662,0.04787403471650133
0.03734626601034221,0.04787262367105241
0.03734167214407536,0.04787294180485688
0.03733602707118121,0.04787153859194665
0.03732957366544349,0.04786988701244432
0.03732419303639115,0.04786972506451981
0.03732142439588028,0.04787031669827576
0.03731750084594559,0.04786908156721395
0.0373123665868707,0.04786923523412314
0.03730823428884034,0.04786887406723336
0.03730256956883343,0.04786881148174058
0.0372960984000941,0.04786827599489344
0.03729163524152089,0.04786776660351229
0.03728608343329563,0.04786698793676468
0.03728094531657034,0.04786501276845367
0.03727606686829818,0.04786471574627831
0.03727146840501003,0.04786413120711051
0.03726654939148527,0.04786284467813987
0.03726174276225327,0.04786140825518315
0.03725824426446077,0.04786191871901321
0.03725561712859445,0.04786121715430726
0.03725037149222288,0.0478614578162884
0.03724400001504947,0.04786099618708591
0.0372391441245085,0.04786082440340731
0.03723268143052159,0.04786101616750119
0.03722797621239835,0.04786079740934732
0.03722315743251892,0.04786077420145993
0.03721741073534194,0.04785977662090085
0.03721271360919218,0.04785962352960939
0.03720676557150553,0.04785916656996214
0.03720247176982718,0.04785925391704743
0.03719649640335228,0.0478587345702863
0.03719351496571132,0.04785849457686504
0.03718976905556046,0.04785860743014326
0.03718562302740348,0.04785807876644321
0.0371809522443351,0.04785868457735898
0.03717565996675572,0.04785942156550165
0.03717193770809909,0.04785949739739464
0.0371671694524865,0.0478595774584997
0.03716288030528433,0.04785938368152379
0.0371597436324067,0.04785830514931624
0.03715300734440916,0.04785714668653259
0.03714867431742854,0.04785729059120093
0.03714418236513332,0.04785669610651072
0.03713946562893885,0.04785685682535246
0.0371350971166074,0.04785737082448099
0.0371318429351581,0.04785731185326889
0.03712728655798004,0.04785628352136574
0.03712224854798844,0.04785674290817859
0.03711946019691196,0.0478562503119809
0.03711555948960535,0.04785648667850232
0.03711263013013888,0.0478560146907637
0.03710807537313301,0.04785669729515828
0.03710347998279638,0.04785673880904946
0.03709522087194496,0.04785552266622155
0.03708862543343003,0.04785467757587099
0.03708452218779287,0.0478545046158462
0.03707957253704971,0.04785398918351882
0.03707583320855379,0.04785361308078066
0.03707148609218351,0.04785413611685951
0.03706724917919702,0.04785409119482856
0.03706267093271078,0.04785281961653771
0.0370536619414252,0.04785227487420003
0.03704947014179798,0.04785198866517511
0.03704442610948951,0.04785060495676458
0.03704025564591814,0.04785110301251146
0.03703657368467519,0.04785052521176424
0.03703391958873254,0.0478499677154265
0.03702859183353817,0.04784921968059881
0.0370246081002587,0.04784902539548367
0.03702088045890076,0.04784906206648541
0.03701626845678219,0.04784913181570376
0.03701200242750276,0.04784840930446009
0.03700905380072963,0.04784865797324504
0.03700438933865442,0.04784857715075976
0.03699939292995102,0.04784876012166864
0.03699676833462038,0.04784803399035521
0.03699080774520214,0.04784723031525433
0.03698482900967804,0.04784627327099304
0.03697955873537661,0.04784544111085647
0.03697436885983078,0.0478446436044518
0.03697023186169257,0.04784515841598118
0.03696675140777584,0.04784502564084617
0.0369629604388388,0.04784497886874686
0.03695748685761312,0.04784416907025155
0.03695228044471556,0.04784291114497071
0.03694637703584855,0.04784321767435972
0.0369419875398035,0.04784241543105386
0.03693837321380157,0.04784116146465721
0.03693451617206993,0.04784094386612499
0.03693295077406744,0.0478407327980656
0.03692936678048053,0.04784056774247748
0.03692412455448978,0.04783984900742434
0.03692016854388257,0.04783975067647495
0.03691677478710615,0.04783929437928986
0.03691163683860047,0.04783854012196684
0.03690755649440632,0.04783805389583949
0.03690190780803101,0.04783692324759958
0.03689772335076223,0.04783650831766551
0.03689277205674769,0.04783589474200002
0.03688477671902226,0.04783498523813996
0.03688097279016582,0.04783489739132742
0.03687618350993606,0.047834958519931
0.03687287610402083,0.04783366366272369
0.03686907608301033,0.04783289480521028
0.03686534331155957,0.04783236761118179
0.03686126117144788,0.04783191513039357
0.03685663667485992,0.04783229640367315
0.03685284399074776,0.04783227691524791
0.03684820536812907,0.04783127868622471
0.03684502757292187,0.04783138487262605
0.03684198285400021,0.04783087292602667
0.0368382326114262,0.04782958929364563
0.0368334308891863,0.04782978103286247
0.03682939826107288,0.04782895155476728
0.03682679886569114,0.04782870681741192
0.03682241364297097,0.0478287987537153
0.036818179006223,0.04782918102742862
0.03681257032347099,0.047827861546485
0.03680864304036516,0.04782821110212999
0.03680485907462468,0.04782876241229864
0.03680019486118833,0.04782898206767001
0.03679570338605728,0.04782759653531023
0.03679091584953355,0.0478272247750338
0.03678781538804997,0.04782684282830585
0.0367842131871391,0.04782701430408999
0.03678158282109872,0.0478269633994259
0.03677668790286317,0.04782586074868153
0.03677126247305097,0.04782526285181903
0.03676666352820934,0.04782459935315048
0.03676126407781932,0.04782417436812349
0.03675667642655073,0.04782426411951735
0.03675098280032714,0.0478236336380049
0.03674473458133767,0.04782183466778521
0.03673960231615479,0.04782080930968671
0.03673655488850588,0.04782101258254843
0.03673392162190994,0.04782101499992053
0.03672996652773481,0.04782174778375142
0.03672553125752991,0.04782200313496743
0.03672067117535647,0.04782289003845215
0.03671644263861195,0.04782315379660482
0.03671468455474582,0.04782268244715246
0.03671151321059716,0.04782277934233349
0.03670573214647074,0.04782212598881958
0.0367026597927794,0.04782173932034345
0.03669943245223833,0.04782115482769003
0.03669540298885379,0.04782084758127379
0.03669230283138098,0.04782118305401315
0.03668553571247631,0.04781956045520042
0.03668094763720192,0.04781905265520432
0.03667637983221659,0.04781785014050643
0.03666730361237225,0.04781668618440499
0.03666289043899437,0.04781702412481235
0.03665962196436404,0.04781670905488717
0.0366558955092254,0.04781638425983951
0.0366526644825077,0.04781566501690275
0.03664918879353124,0.04781599919184387
0.03664195262511856,0.04781552383144032
0.03663805972787287,0.04781546333425108
0.03663122154959076,0.04781452814297679
0.03662729614415781,0.04781390519415506
0.03662448403761868,0.04781403481418735
0.03661867029418657,0.04781323153731507
0.03661443916776703,0.04781255866825301
0.03661172159470198,0.04781195552199378
0.0366062961839017,0.04781073277924807
0.03660420488420671,0.04781051863341158
0.0365984736941747,0.04781023009245186
0.03659446541948623,0.04781086911921872
0.03659261779344296,0.0478114099916463
0.03658953554052454,0.04781169127306169
0.03658578314502636,0.04781178193405414
0.03658274149838991,0.0478110602368652
0.03657895974255342,0.04781003831716171
0.03657543458657836,0.04781089704292283
0.03657361476037426,0.04781109333042891
0.0365695776566498,0.04781233944638521
0.03656637120016671,0.04781203172113892
0.03656329756810957,0.04781185493829932
0.03655784421807558,0.04781058086248285
0.03655468536335273,0.04781088920413853
0.03654901083043526,0.04780932001683592
0.03654657341131973,0.04780929919019819
0.03654296353270901,0.04780850968952528
0.03653786030590557,0.04780792838136053
0.03653210864570401,0.04780714601053775
0.03652810936325114,0.04780711033835139
0.03652622881450047,0.04780703710542136
0.03652429304054324,0.04780636548639134
0.03652007543729728,0.04780602430697025
0.03651549011457805,0.04780584906401122
0.03651077537056992,0.04780528504526325
0.03650731200347516,0.04780443304362754
0.03650279079437314,0.04780242717474204
0.03649922943583686,0.0478016806183972
0.03649210330137918,0.04779988806111567
0.03648645667467019,0.04780091297891182
0.03648352731269407,0.04780066160796743
0.03647979482929806,0.04780055870239669
0.03647629699020478,0.0477996688081368
0.03647248295838117,0.04780040128769529
0.03646743044694922,0.04780092283852291
0.0364641161192941,0.04780113415506124
0.03646092098726363,0.04780168521999858
0.0364564549767025,0.04780232530916721
0.03645123948701576,0.04780177371254715
0.03644648976290006,0.04780141347362385
0.03644256286682979,0.04780162355951783
0.03644023259960907,0.04780119057065048
0.03643757487638758,0.04780116843934216
0.03643314306940017,0.04780066530417432
0.03643020239245386,0.04780151169751266
0.03642461392036727,0.04780197931848461
0.03641880859943453,0.04780095779313068
0.03641443129262809,0.04780137545183934
0.03641079279441384,0.04780229098535659
0.03640462222265343,0.04780079801273571
0.03640165242823833,0.04779961694758992
0.03639730063495374,0.04779871206779892
0.03639325732562341,0.04779893033346038
0.03638958828801153,0.04779892124048317
0.03638650774324279,0.04779922520670014
0.03638402519734912,0.04779876695757719
0.03638085910807249,0.04779853874572565
0.03637747563141449,0.04779813680091249
0.03637179758672265,0.04779824517239258
0.03636717596761385,0.04779807042936115
0.03636446555231464,0.04779781864331747
0.03635866133136705,0.04779793060025195
0.03635321655098721,0.047796653566474
0.03634938086380766,0.04779638158944865
0.03634384028396034,0.04779565989581702
0.0363406613146694,0.04779543342914309
0.03633599511179033,0.04779583852034811
0.03633154432790375,0.04779502771405762
0.03632622376662212,0.04779540342459331
0.03632027539637057,0.04779599140744689
0.0363180911421254,0.04779572167739451
0.03631379520857164,0.04779551099199388
0.03631002370686071,0.04779526115923197
0.03630807808733536,0.0477945679133738
0.03630345911779997,0.04779482129444095
0.0362996963571162,0.04779357290141267
0.03629511978827068,0.04779373170819019
0.03629128884167205,0.0477941712036938
0.03628640053449423,0.04779418407471011
0.03628192385093076,0.04779484560755474
0.03627844795866471,0.04779466794418046
0.03627538556762436,0.04779470888507752
0.0362724473919061,0.04779508098921912
0.0362665764502975,0.04779378543405841
0.0362614860263489,0.04779381059171917
0.03625815177036955,0.04779432935225347
0.03625324194224356,0.04779430281251697
0.03624982486258519,0.04779439095273743
0.03624753615679455,0.04779528214864995
0.03624550346468068,0.04779504131246006
0.03624128065948449,0.04779442289654586
0.03623640736571304,0.04779478083921282
0.03623192934712552,0.04779418320868169
0.03622869439802841,0.04779266628732003
0.03622644647846097,0.04779302442962166
0.03622104468583762,0.04779166604123545
0.03621925069484234,0.04779177468134359
0.03621509588264714,0.04779148589652098
0.03621158455762482,0.0477910563724926
0.03620800298252164,0.0477912477643791
0.03620333143402773,0.04779038466891687
0.03619867219121061,0.04778981183610694
0.03619577943609797,0.04778915182031064
0.03619234834181657,0.04778919776619328
0.0361864584676766,0.04778788452686946
0.03618422461274926,0.04778787389146012
0.03617891782485138,0.04778769870929687
0.03617489939150532,0.04778693567407339
0.03617123646780054,0.04778721745996074
0.03616374725462381,0.04778739861907724
0.03615954587474749,0.04778748896573889
0.03615602743161152,0.04778679256818144
0.03615357900726862,0.04778725414964322
0.03615062318295335,0.0477860363706063
0.03614660673764807,0.04778731452057936
0.03614369243527128,0.04778712286458228
0.03613967633692686,0.04778697573269904
0.03613653412583723,0.04778711055965046
0.03613134877276281,0.04778738910892975
0.0361284610962808,0.04778729965774582
0.03612576636817832,0.04778643855497824
0.03612114474355358,0.04778672675405961
0.03611945216726223,0.04778714075607669
0.03611581860134459,0.04778636255561231
0.03611055693766194,0.04778558735996222
0.03610771264756306,0.04778605593060406
0.03610417402005166,0.04778649883795844
0.03610061074465569,0.04778596689249259
0.03609662328917055,0.04778612940389793
0.03609162841711513,0.04778665456747611
0.03608893839534285,0.0477858907056448
0.03608497999785983,0.04778562964269933
0.03608143891197855,0.04778606967731559
0.03607706094386014,0.0477860222267747
0.03607199611991779,0.047786339930609
0.03606720517904153,0.04778590394546391
0.0360629220047417,0.04778506626585279
0.03605936719099698,0.04778561305558199
0.03605578001694885,0.04778559898403322
0.03605311237327363,0.04778620004423945
0.03604999702833278,0.04778649414721948
0.03604605090024756,0.04778667484318631
0.03604227940426999,0.04778645775078848
0.03603998553181282,0.04778584962169322
0.0360340840147719,0.04778498567353769
0.03603060354531232,0.04778486238414385
0.0360263866875788,0.04778590748132391
0.03602348329434195,0.04778631431565974
0.03602039702893053,0.04778619004311218
0.0360160674234787,0.04778583854605151
0.03601249228718267,0.04778638660713098
0.03600861345403508,0.04778704130394346
0.03600399895805498,0.04778688978319315
0.03599815713300195,0.0477868995879166
0.03599539187288903,0.04778640461695834
0.0359913433866005,0.04778676476963985
0.03598595372970554,0.0477862394094869
0.03598309484068982,0.04778601708036871
0.0359785409460722,0.04778636050237594
0.03597561616438679,0.04778625992793277
0.03597138640120084,0.04778589427735866
0.03596671697764862,0.04778520652134414
0.03596351099855566,0.04778470457473937
0.03595885580668499,0.04778484042920421
0.03595436809599899,0.04778499971994404
0.03594858166829392,0.04778511566745726
0.03594237269792784,0.04778472370006833
0.03593695853159962,0.0477847765047462
0.0359323923283125,0.04778472947080999
0.03592810168883835,0.04778369511234349
0.03592353599373017,0.0477836296517504
0.0359216871559483,0.04778385201240197
0.03591915158388509,0.04778306507827663
0.03591263424387751,0.04778197685138023
0.03591119129599493,0.04778241104190802
0.03590945006290897,0.04778222207023516
0.03590737860458954,0.04778136038710527
0.03590168097955537,0.04778110119190983
0.03589807517734115,0.0477800335197998
0.03589198608736043,0.04777940135815251
0.03588809103830631,0.04777877011656859
0.03588505154912974,0.04777844714229088
0.03588308348510586,0.04777849268593315
0.03588005870499954,0.04777930490742844
0.03587600718088924,0.04777820525220939
0.03586925475916657,0.04777786746315547
0.03586688982870367,0.04777809077098613
0.03586307449902426,0.04777735900320732
0.03585818035401052,0.04777571684523624
0.03585479219583007,0.04777565392937769
0.03585215149122634,0.04777581795946581
0.03584883001310054,0.04777557888218039
0.0358447140404002,0.04777527369249884
0.03584026089200829,0.04777584084585514
0.03583635798475911,0.04777526327223192
0.0358318162761757,0.04777596158782898
0.03582632795772732,0.04777556303489962
0.03582152993944213,0.04777544046450367
0.03581779175110857,0.04777352900019682
0.03581413170620865,0.04777309025206267
0.0358111254458598,0.04777275488976608
0.03580736370799645,0.0477729002622644
0.03580486820608537,0.04777389607718386
0.03580081254550276,0.0477736969886026
0.03579768758104914,0.04777385837789009
0.0357941866458751,0.04777286936238694
0.03579203727456037,0.04777328959354762
0.03578838922745328,0.04777377711319393
0.03578611927080594,0.04777370238246868
0.0357818117921305,0.0477734007852366
0.03577843795287099,0.04777312832753296
0.03577499658642529,0.04777247757294314
0.03577052278517252,0.047772654969552
0.03576614724576137,0.04777238874649342
0.03576070378820512,0.04777196209503956
0.03575604414021563,0.04777171184383066
0.03575340045765298,0.04777170493141549
0.03574823657421179,0.04777244025262303
0.03574414580785184,0.04777179457668063
0.03573932194394115,0.04777051110922155
0.03573557517285191,0.04777062357067072
0.03573113066951076,0.04777057068817919
0.0357290472624197,0.04777056176607899
0.03572648363640518,0.04777124543382563
0.0357218524426612,0.04777059907103261
0.03571842918068834,0.04777085868582331
0.03571378020839029,0.04777028504369248
0.03571107874095742,0.04776985001471579
0.0357079602491419,0.04777008778155518
0.03570340042083061,0.04777062816255073
0.03569922565162607,0.04776952702525486
0.03569510235876711,0.04776898873123503
0.03569257069638454,0.04776879534140812
0.03568908552674304,0.04776784020001401
0.0356844082944632,0.04776858428820599
0.0356814118833848,0.04776818351717173
0.03567807727318657,0.04776798350723026
0.03567579047057506,0.04776843197430553
0.03567009440023607,0.04776857280932689
0.03566495496897235,0.04776803692345123
0.03566196001032042,0.04776833280420471
0.03565804983465876,0.04776786766299727
0.03565441012276845,0.04776831466356554
0.03565135457773679,0.04776762889175473
0.03564804081960064,0.04776792400868086
0.03564614949006908,0.04776771761515369
0.03564273602968776,0.04776730980894701
0.03563823647244568,0.04776808540164799
0.03563564551702346,0.04776840216446828
0.03563328458939258,0.04776812229306358
0.03562943019859521,0.04776783678936016
0.03562613750272439,0.04776856677121323
0.03562211056991154,0.04776872851176856
0.03562061581016751,0.0477687114852498
0.03561731662412374,0.04776884483293089
0.0356152390233919,0.04776875074910614
0.03561196327194965,0.04776854640018981
0.0356065918043816,0.04776870032490241
0.03560347100603974,0.0477690326818415
0.03560058579596082,0.04776886462330816
0.0355980338477919,0.04776889427983241
0.03559488401192332,0.04776900367323716
0.035590648722988,0.04776927926527382
0.0355862753565187,0.04776912763778357
0.03558152526558217,0.04776924083633462
0.0355779122405178,0.04776906539508437
0.03557409405000456,0.04776847646588286
0.03557186365832442,0.04776895963196737
0.03556839231471295,0.04776875479215179
0.03556652728429648,0.04776841682934434
0.03556148732386248,0.04776705769107056
0.03555775906750604,0.0477668640880971
0.03555339471935475,0.04776583069343786
0.0355480194896356,0.0477669429534255
0.0355441353617466,0.04776649223612206
0.03553779019386499,0.04776726999344081
0.03553372214584386,0.04776831041563317
0.03553040554560739,0.04776851859270207
0.03552573843480135,0.04776828689556128
0.03552118687815627,0.04776753495962999
0.03551801390290685,0.04776739698707617
0.03551472473885488,0.04776807259532875
0.035511161476409,0.0477680741518616
0.03550763230382171,0.04776829641112772
0.03550412079148851,0.0477675759933578
0.03550116924452137,0.04776720093836363
0.03549906582139371,0.04776683821902526
0.03549504734150342,0.04776587964266134
0.03549136757672829,0.04776558598346255
0.03548695032370953,0.04776500232253724
0.03548179763511206,0.04776463457487238
0.03547758868269945,0.04776416209965086
0.03547315373522687,0.04776414635225666
0.03547099247317338,0.04776352141260992
0.03546744598848724,0.04776354825549696
0.03546396529498576,0.04776270027247101
0.03546166603270091,0.04776274949471478
0.03545661404522871,0.04776265364881233
0.03545338379580502,0.04776249332870653
0.03545065831182669,0.04776280677323962
0.0354454184748539,0.04776233931435825
0.03544114930881433,0.04776166712263352
0.03543824598122712,0.04776224943842791
0.03543284091213301,0.0477617384280538
0.03542835691698357,0.04776347113635717
0.0354231635396818,0.04776263591181825
0.03542104317066962,0.04776305526692534
0.03541891847672954,0.04776254518911829
0.03541733007343943,0.04776276939382119
0.03541461502954794,0.04776246025724847
0.03540978445958348,0.04776159168477823
0.03540581306474919,0.04776019275536539
0.03540194597804606,0.04776089903945247
0.03539787183667924,0.04776079837469139
0.03539622353878429,0.04776117935187087
0.0353913001386646,0.0477612672993674
0.03538825328849154,0.04776105722685748
0.03538381578014615,0.04776137787732378
0.03538111788827169,0.04776148917535499
0.0353783574757778,0.04776124557744003
0.03537542691179262,0.04776107009225902
0.03537366218267205,0.04776118997872637
0.03536919179952386,0.0477602867384351
0.03536570084000148,0.04776006952461819
0.03536464199396551,0.04775972415649515
0.03536210997757343,0.04776011449116246
0.03535699990538323,0.04775961926537698
0.03535333596921092,0.04775864531877672
0.03534961307897198,0.04775869579080289
0.03534792838328096,0.04775836522120635
0.03534513482899578,0.04775806919993986
0.03533891290333029,0.04775669261617635
0.03533719268529761,0.04775690931946208
0.03533300992727204,0.04775709915305504
0.03532729427703481,0.04775739775768186
0.03532387032913208,0.04775802015209266
0.03532038027311545,0.04775790635923212
0.03531666485822421,0.04775770341455606
0.03531188811775963,0.0477560237826971
0.03530741962852219,0.04775590260667104
0.03530262673619092,0.04775705172928451
0.03529760847305517,0.04775778743998146
0.03529337258994526,0.04775646741001136
0.03528985479477829,0.04775665100456458
0.03528617440443527,0.04775729485737484
0.03528326443358632,0.04775663548927767
0.03527859001683074,0.04775664909005709
0.0352748120174918,0.04775653605731091
0.03527296996529024,0.04775629842591912
0.03526993002998287,0.04775632892944161
0.03526676384224365,0.04775648917537029
0.03526242012143953,0.0477567686710674
0.03525948263206717,0.04775707593040081
0.03525293266557777,0.04775599111630097
0.03525017910635942,0.04775600967327748
0.03524681756711461,0.04775599559987037
0.03524182456565669,0.04775547615890085
0.03523800404143171,0.04775569626090378
0.03523589853684881,0.04775578693996591
0.0352311802033279,0.04775402550347916
0.03522792041989593,0.0477547297436431
0.03522479833007104,0.04775494685923717
0.03522120235601714,0.04775526894257087
0.03521792557869581,0.04775547035677664
0.0352153320812015,0.04775573177977473
0.03521216624636289,0.04775451284233489
0.03520815564381568,0.04775460492857306
0.03520398345728389,0.0477551998501491
0.03519900170810797,0.04775467819283731
0.03519646805831556,0.04775434089589663
0.03519378504137537,0.04775383858584157
0.03519093415633402,0.04775380592731388
0.03518691351253194,0.04775420361375011
0.03518247024336204,0.04775429665433727
0.03517770704675804,0.04775428953928046
0.03517461036224859,0.04775375087133461
0.03517102409586015,0.04775356338982926
0.03516884772791783,0.04775365891064169
0.03516503041500815,0.04775340474662873
0.03516016971678648,0.04775408354057923
0.03515526402387277,0.04775388984082756
0.0351510826931327,0.04775432095455478
0.03514676642892031,0.04775407022720039
0.035144517984194,0.04775339939597281
0.03514321781905225,0.04775295254329787
0.03513924449800956,0.04775306207413887
0.03513587385885416,0.04775234424345744
0.03513368232687401,0.04775182181150229
0.03513031514149108,0.04775162605406655
0.0351260356607657,0.04775149250698669
0.03512227098792339,0.0477522086166431
0.03511718100829885,0.04775275169735671
0.03511386112162467,0.04775284256813787
0.03511092138550649,0.0477525911127557
0.03510767239060109,0.04775298086303068
0.0351017173536251,0.04775333363501902
0.03509853395799992,0.04775337563203098
0.03509710387689664,0.04775337665254674
0.03509343275884656,0.04775379340127022
0.03509015428717666,0.04775420657555388
0.03508784032869204,0.04775431879665352
0.03508622905954727,0.04775427431735331
0.03508169355594973,0.04775305488512275
0.0350789159259259,0.04775306893741116
0.03507443476019508,0.04775356123844601
0.03507030472116359,0.04775376945185186
0.03506664504469465,0.04775397345150657
0.03506174206057722,0.04775512037596477
0.03505817613885419,0.04775389406594732
0.03505661171997696,0.04775433391188794
0.03505363024541815,0.04775436181612121
0.03504828245841923,0.04775382494782839
0.03504326491928664,0.04775425022987546
0.03503899907308859,0.04775380676313572
0.03503447554804943,0.04775313396410302
0.03503101357334235,0.04775254736529726
0.03502779965284702,0.04775251122961732
0.0350233410590377,0.0477528056855864
0.03502089795607402,0.04775269020157117
0.03501711847115185,0.04775307621121045
0.03501289097487879,0.04775445439806549
0.03500820780845613,0.04775364350663396
0.03500380540428243,0.04775393842026812
0.03500230695755254,0.04775386362675779
0.03499856951060166,0.04775364945503584
0.03499582117546862,0.04775341349430214
0.03499217585173096,0.04775275440149127
0.03498843551041907,0.04775245112075054
0.03498528917322424,0.0477524079033737
0.03498313802420423,0.04775222169726662
0.03497790167056671,0.04775206176275451
0.03497398648353531,0.04775259233237626
0.0349698067770711,0.04775277161370618
0.03496697201747592,0.04775270728415724
0.03496173783171867,0.04775234557941709
0.03495840268664573,0.04775350351186645
0.03495353447824348,0.04775190536543679
0.03494803148303698,0.04775115222362956
0.03494690852431716,0.04775112395970286
0.03494209809870676,0.04775235008568471
0.03493849515258685,0.04775204780291264
0.03493394780966667,0.04775010325947208
0.03492879099987013,0.04774993615366242
0.03492539799272196,0.04774920248165242
0.0349212894277386,0.04774937678201827
0.03491767501838023,0.04774919799466749
0.0349154042342497,0.04774937489024642
0.03491106816878617,0.0477488767120415
0.03490830156526517,0.04774875984436033
0.03490642186887023,0.04774909893471586
0.03490323413845518,0.04774939464016927
0.03489891155749186,0.0477494726702759
0.03489600688247809,0.0477493875877915
0.03489169819398407,0.0477486749366585
0.03488769643601691,0.04774891033056451
0.03488342665291189,0.04774925203862767
0.0348771077553123,0.04774761881265138
0.03487611778461772,0.04774799087530242
0.03487383287981259,0.04774834264109417
0.03486894875096493,0.04774887102935502
0.03486527156362153,0.04774889246899576
0.0348615384076047,0.0477485262334894
0.03485937465637192,0.04774851013157497
0.03485476693790735,0.04774766016220915
0.03485023409139514,0.04774768187309226
0.03484554483540448,0.0477468433755965
0.03484265979893987,0.04774725040975415
0.03483838781522568,0.04774808722448614
0.03483453299927827,0.04774763946170174
0.03483199044068894,0.04774836202898372
0.03482801410247651,0.04774807656645103
0.03482324508514322,0.04774934502723722
0.03481793608767192,0.04774943801782457
0.03481350312353926,0.04774892012447413
0.03480882194535208,0.04774840853769736
0.03480771732282076,0.04774835151859835
0.03480297776905246,0.04774869066997763
0.03479843400243065,0.04774767199610952
0.03479421358384253,0.04774865291939505
0.03478916880456144,0.0477481435089502
0.03478555516218315,0.04774839118646221
0.03478001514104216,0.04774895654369397
0.03477543733967012,0.04774822770757172
0.03477249179770917,0.04774732058973865
0.03476728842758553,0.04774783359469465
0.03476380280437006,0.04774889456421799
0.03475950315812509,0.04774946330307876
0.03475615542810345,0.04774983182005571
0.03475200225325061,0.04775000672680081
0.03474940198703873,0.04774936559053877
0.034746180395784,0.04774901660013674
0.03474393774891434,0.04774913957303808
0.03473853380814512,0.04775058481966562
0.03473526119614033,0.04775028711686075
0.03473298167675511,0.04775030996846875
0.03472994227708821,0.04775029795492849
0.03472547302108836,0.04774991874604964
0.03472308240309295,0.04774970186668148
0.03471973199530541,0.04775004371378161
0.0347172059480568,0.04775054875390373
0.03471417381936155,0.04775081830867482
0.03471142481851907,0.04775129609893028
0.03470737285223586,0.04775141853826306
0.03470483506794455,0.04775119957250895
0.03470118706169509,0.04775068617517809
0.03469617895806952,0.04775043885457889
0.03469330615690686,0.04775116430388735
0.03469035949562879,0.04775103859145711
0.03468674758630233,0.04775094573286466
0.03468367218279999,0.04775064312961374
0.03467946751263028,0.04775091204420925
0.03467463846410557,0.04775135631655611
0.03467289316953561,0.04775116839146377
0.03467005377005157,0.04775149913994794
0.03466542667334908,0.04775125979692611
0.03466201747741347,0.04775123821195738
0.03465847390508337,0.04775100321302739
0.03465534348725709,0.04775085099087428
0.03465127896946253,0.04775031037071025
0.03464948742935972,0.04775049511956542
0.03464646153644585,0.04775024700436561
0.034643395781599,0.04775032971527934
0.03464125700376403,0.04775058617970189
0.03463692119378729,0.04775078994841026
0.03463274528929634,0.04774946143906075
0.03462980778101871,0.04774955379916397
0.03462476886997084,0.04774967510542406
0.03462180389168388,0.04774999072008391
0.03461738073726027,0.04774937036108986
0.03461449272776694,0.04774889488585138
0.0346103263067906,0.04774871369046726
0.03460635404445022,0.04774906532367432
0.03460378966105406,0.047748757941424
0.03459982770289383,0.04774809555955133
0.03459511724432422,0.04774678841401833
0.03458939206069627,0.04774582814811043
0.03458474107011658,0.0477463785305511
0.03458362948434579,0.04774633848893769
0.03458103899645172,0.04774647023632159
0.03457895772509824,0.04774658309005543
0.0345758953241218,0.04774721341755048
0.03457281089280149,0.04774716682610052
0.03456799272984145,0.04774782250781756
0.03456620198612314,0.04774796385689408
0.03456311023717196,0.04774798078821838
0.03455819208309141,0.04774674541534969
0.03455535117356376,0.04774683730572549
0.03455275977719235,0.04774699268205155
0.03454973916461118,0.0477464498743817
0.03454552564973056,0.04774671520538757
0.03454208330239378,0.04774665649777441
0.03453818535720619,0.04774562899337258
0.03453474574368531,0.0477458007939311
0.03452895248030759,0.04774464006452859
0.03452665033419235,0.04774488042891072
0.0345237652536572,0.04774539883341652
0.03451980579346493,0.04774546966602254
0.03451736419288275,0.04774492283087321
0.0345142389794426,0.04774489873291502
0.03451020224878067,0.04774487622008524
0.03450852683643215,0.04774489893727483
0.03450621672242508,0.04774475224800203
0.03450426580899706,0.04774490779148595
0.03450098239294765,0.04774554251888432
0.03449791426622643,0.04774572096080131
0.03449189326043946,0.04774396890318249
0.03448809262803343,0.04774448625213129
0.03448461073766836,0.04774502566117338
0.03448193729683894,0.04774561932919351
0.03447871579302079,0.04774523688052439
0.03447440972725666,0.04774455417464207
0.03447068736487319,0.04774567919827705
0.03446806293568679,0.04774608313485398
0.03446546243735745,0.04774641214321353
0.03445977330533637,0.04774656233245664
0.03445559096730936,0.04774606646504079
0.03445118698945025,0.0477470318983781
0.03444865187276768,0.04774708635623623
0.03444467045894602,0.0477472260472428
0.03443965812032763,0.04774660597940433
0.03443789541220341,0.0477469850068611
0.03443485662806374,0.04774740484718816
0.03443136274274575,0.04774693231709447
0.03442756336479223,0.04774633728742694
0.03442296990743612,0.04774649211563967
0.03442001801554911,0.04774641778741319
0.03441734318902721,0.04774578058283922
0.03441215932105122,0.04774538017005057
0.03440941474105284,0.0477464072741033
0.0344064529276714,0.04774672672806451
0.03440345455111651,0.04774658780347569
0.03440151170828826,0.04774610837342542
0.03439800249139701,0.04774585585937211
0.03439507271492011,0.04774562454170925
0.03439163231010905,0.04774613463498346
0.03438849618321539,0.04774578002371167
0.03438477667715902,0.04774598906252681
0.03438135354467962,0.0477466794829556
0.03437693990148153,0.04774670445585421
0.03437465488745137,0.04774615730423863
0.03437084138577243,0.04774506224538089
0.03436729164749684,0.04774538436664436
0.03436325667693728,0.04774553083357393
0.03435905523871946,0.0477462074112474
0.0343572994915247,0.04774590861044128
0.03435319588422271,0.04774500890475002
0.0343497021218081,0.04774511896245741
0.03434617884029394,0.04774491079898858
0.03434240556793666,0.04774483616341131
0.03434077654766612,0.04774466497940079
0.03433663636819069,0.04774399331275088
0.034334711378671,0.04774408616994857
0.03433104750868654,0.04774433528164327
0.03432777685918626,0.04774377450836392
0.03432624236656515,0.04774332940730041
0.03432276268433194,0.04774322319076559
0.03431885609973281,0.04774330881546583
0.03431550442570019,0.04774285829542323
0.03431361657555752,0.04774269397727218
0.03430883077482905,0.04774214914009108
0.03430507164342746,0.04774110867951113
0.03430139651181826,0.0477403065899252
0.03429803778132688,0.04773981432237129
0.03429566777865666,0.04773956945081637
0.03429203314656199,0.04773953261898201
0.0342896372355439,0.04773878460220589
0.03428686914973938,0.04773849080536957
0.03428318863575085,0.0477383751899282
0.03428134059871269,0.04773867782899695
0.03427722495767838,0.04773878120199449
0.03427358374367925,0.04773930531459875
0.03427118722781693,0.04773910731762814
0.03426839893590587,0.04773915936214532
0.03426440778261967,0.04773985004320379
0.03426107694213058,0.04773969461822413
0.03425837265394732,0.04773951985051181
0.03425549043251539,0.04773986038528741
0.03425383055381854,0.04773972960126359
0.03425174161200241,0.04773895053831336
0.03424858575781356,0.04773833963249612
0.03424560845891651,0.04773858517476751
0.03424283559984755,0.04773833241554276
0.03423851370500169,0.04773823656027867
0.03423595687885089,0.0477383700304741
0.03423420250245408,0.04773802746550001
0.03422918151868745,0.04773771789539219
0.03422742587037382,0.04773777527375414
0.03422441763671425,0.04773821144848697
0.03421962120889616,0.04773726478637493
0.034216490347492,0.04773768863400514
0.0342124731807161,0.04773688329106299
0.03420842357159096,0.04773586798647945
0.03420608906109767,0.04773564374429141
0.03420320619814735,0.04773598231727397
0.03419889452728272,0.04773640705771122
0.03419610981286585,0.04773543495020763
0.03419312905481851,0.04773563214018224
0.03418879093613628,0.0477347877555889
0.03418466894732399,0.04773543901789927
0.03418073317175938,0.04773528198529048
0.03417801162735411,0.04773537496168145
0.03417477871839554,0.04773614357644103
0.03417138763060108,0.04773600147096491
0.03416951311910846,0.04773631803696088
0.03416679881386307,0.04773713812077623
0.03416351338589526,0.04773689101865021
0.03416167566394969,0.04773663329932338
0.03415823330660951,0.04773736597653312
0.03415600955922493,0.04773733178820756
0.03415332568527112,0.04773751797516195
0.03414892252494208,0.04773816832296453
0.03414574761055309,0.04773885702916055
0.0341417653570376,0.04773973491008281
0.03413960380362271,0.04773998153398872
0.03413679282710454,0.04774015677956107
0.03413260828287491,0.0477401134472021
0.03412915350656585,0.04773991828602749
0.03412400874491617,0.04773972376281059
0.03412176288337503,0.04773955857466654
0.03411853825310703,0.04773969777883446
0.03411568594774626,0.0477394433714507
0.03411241034639756,0.04773944127869729
0.03411019089512047,0.04774033414878437
0.03410582585622884,0.04774089159110327
0.03410336916047994,0.04774119160390913
0.03410110307684582,0.04774131611122864
0.03409880836878378,0.04774059074893017
0.03409575601998046,0.04774025606019358
0.03409371513650351,0.04774052069868669
0.03408800772071338,0.04773939798616529
0.03408409671040381,0.04773922959373112
0.03408216778520141,0.0477393407307182
0.03407746196824803,0.04773848926609466
